{
  "name_key": "universal",
  "default": true,
  "settings": {
    "general_font": "OpenSans, Helvetica, sans-serif",
    "body_background": "#ffffff",
    "body_background_on_small_content": "#EDF0F2",
    "body_color": "#878A8C",
    "body_font_size": "18px",
    "body_font_weight": "normal",
    "body_link_color": "#2B81D6",
    "body_link_hover_color": "#2B81D6",
    "logo_color": "#000000",
    "logo_hover_color": "#000000",
    "logo_font_size": "30px",
    "title_color": "#212121",
    "h2_title_font_size": "48px",
    "h3_title_font_size": "24px",
    "h4_title_font_size": "20px",
    "title_font_weight": "600",
    "scroller_arrow_color": "#212121",

    "header_background_color": "#ffffff",
    "header_border_color": "#EBF0F5",
    "header_color": "#999B9E",
    "header_link_color": "#212121",
    "header_link_hover_color": "#2B81D6",
    "header_font_size": "16px",
    "header_font_weight": "bold",
    "contacts_color": "#878A8C",
    "contacts_font_size": "14px",
    "contacts_font_weight": "normal",
    "contacts_icon_color": "#2B81D6",
    "menu_color": "#212121",
    "menu_font_size": "18px",
    "menu_font_weight": "bold",
    "menu_hover_color": "#2B81D6",
    "menu_active_color": "#CED5DB",
    "dropdown_background_color": "#ffffff",
    "dropdown_hover_background_color": "#EDF0F2",
    "dropdown_shadow": "rgba(0, 0, 0, 0.1)",
    "search_icon_color": "#212121",
    "search_icon_hover_color": "#2B81D6",
    "search_button_background": "#2B81D6",
    "search_button_hover_background": "#2B81D6",
    "search_button_color": "#ffffff",
    "search_button_hover_color": "#ffffff",
    "search_field_background": "#ffffff",
    "search_field_border_color": "#2B81D6",
    "search_field_shadow": "#90C0F0",
    "search_field_color": "#333333",
    "search_field_placeholder_color": "#878A8C",
    "language_color": "#212121",
    "language_font_size": "15px",
    "language_font_weight": "bold",
    "language_hover_color": "#2B81D6",
    "header_cart_background": "#CED5DB",
    "header_cart_color": "#ffffff",
    "header_full_cart_background": "#6ABD2F",

    "footer_background_color": "#ffffff",
    "footer_border_color": "#EBF0F5",
    "footer_color": "#878A8C",
    "footer_font_size": "14px",
    "footer_font_weight": "normal",
    "footer_title_color": "#878A8C",
    "footer_title_font_size": "16px",
    "footer_title_font_weight": "bold",
    "footer_title_hover_color": "#878A8C",
    "footer_menu_color": "#212121",
    "footer_menu_font_size": "14px",
    "footer_menu_font_weight": "bold",
    "footer_menu_hover_color": "#2B81D6",
    "social_icon_color": "#212121",
    "social_icon_hover_color": "#2B81D6",
    "copyright_background_color": "#ffffff",
    "copyright_border_color": "#EBF0F5",
    "copyright_color": "#878A8C",
    "copyright_font_size": "14px",
    "copyright_font_weight": "normal",
    "shoperb_color": "#212121",

    "banner_title_color": "#212121",
    "banner_title_font_size": "48px",
    "banner_title_font_weight": "600",
    "banner_color": "#878A8C",
    "banner_font_size": "18px",
    "banner_font_weight": "normal",
    "banner_navigation_color": "#212121",
    "banner_navigation_active_color": "#2B81D6",
    "landing_subtitle_color": "#878A8C",
    "landing_subtitle_font_size": "18px",
    "landing_subtitle_font_weight": "normal",
    "landing_border_color": "#EBF0F5",

    "newsletter_color": "#212121",
    "newsletter_font_size": "24px",
    "newsletter_font_weight": "600",
    "newsletter_input_color": "#212121",
    "newsletter_input_font_size": "16px",
    "newsletter_input_font_weight": "normal",
    "newsletter_input_placeholder_color": "#878A8C",
    "newsletter_input_border": "#CED5DB",
    "newsletter_message_color": "#878A8C",
    "newsletter_message_font_size": "14px",
    "newsletter_message_font_weight": "normal",

    "box_title_color": "#212121",
    "box_title_font_size": "20px",
    "box_title_font_weight": "bold",
    "box_subtitle_color": "#878A8C",
    "box_subtitle_font_size": "14px",
    "box_subtitle_font_weight": "bold",
    "box_price_color": "#212121",
    "box_price_font_size": "30px",
    "box_price_font_weight": "600",
    "box_price_discount_color": "#878A8C",
    "box_price_discount_font_size": "18px",
    "box_price_discount_font_weight": "600",

    "hover_box_background": "#ffffff",
    "hover_box_shadow": "rgba(159, 163, 167, 0.5)",
    "hover_box_opacity_background": "rgba(255, 255, 255, 0.85)",
    "hover_box_title_color": "#212121",
    "hover_box_title_font_size": "20px",
    "hover_box_title_font_weight": "bold",
    "hover_box_subtitle_color": "#878A8C",
    "hover_box_subtitle_font_size": "14px",
    "hover_box_subtitle_font_weight": "bold",
    "hover_box_price_color": "#212121",
    "hover_box_price_font_size": "24px",
    "hover_box_price_font_weight": "600",
    "hover_box_price_discount_color": "#878A8C",
    "hover_box_price_discount_font_size": "14px",
    "hover_box_price_discount_font_weight": "600",
    "hover_box_view_details_color": "#212121",
    "hover_box_view_details_font_size": "14px",
    "hover_box_view_details_font_weight": "bold",
    "hover_box_view_details_border_color": "#878A8C",
    "hover_box_view_details_hover_color": "#212121",
    "hover_box_view_details_hover_border_color": "#878A8C",

    "variants_color": "#878A8C",
    "variants_font_size": "14px",
    "variants_font_weight": "bold",
    "variants_option_color": "#212121",
    "variants_option_font_size": "18px",
    "variants_option_font_weight": "bold",
    "variants_field_option_color": "#212121",
    "variants_field_option_font_size": "16px",
    "variants_field_option_font_weight": "normal",
    "variants_field_option_border_color": "#CED5DB",
    "variants_option_active_color": "#2B81D6",
    "variants_option_shadow": "rgba(33, 33, 33, 0.2)",

    "hover_box_variants_color": "#878A8C",
    "hover_box_variants_font_size": "14px",
    "hover_box_variants_font_weight": "600",
    "hover_box_variants_option_color": "#212121",
    "hover_box_variants_option_font_size": "14px",
    "hover_box_variants_option_font_weight": "bold",
    "hover_box_variants_option_active_color": "#2B81D6",

    "product_price_color": "#212121",
    "product_price_font_size": "48px",
    "product_price_font_weight": "600",
    "product_price_discount_color": "#B3B3B3",
    "product_price_discount_font_size": "24px",
    "product_price_discount_font_weight": "normal",
    "product_sale_color": "#ffffff",
    "product_sale_font_size": "14px",
    "product_sale_font_weight": "bold",
    "product_sale_background": "#F0C711",
    "product_sold_color": "#ffffff",
    "product_sold_font_size": "24px",
    "product_sold_font_weight": "bold",
    "product_sold_background": "#CED5DB",

    "related_product_sale_color": "#ffffff",
    "related_product_sale_font_size": "14px",
    "related_product_sale_font_weight": "bold",
    "related_product_sale_background": "#F0C711",
    "related_product_sold_color": "#ffffff",
    "related_product_sold_font_size": "14px",
    "related_product_sold_font_weight": "bold",
    "related_product_sold_background": "#CED5DB",
    "related_product_hover_box_background": "#ffffff",
    "related_product_hover_box_shadow": "rgba(159, 163, 167, 0.5)",
    "related_product_hover_box_title_color": "#212121",
    "related_product_hover_box_title_font_size": "16px",
    "related_product_hover_box_title_font_weight": "bold",
    "related_product_hover_box_category_title_color": "#878A8C",
    "related_product_hover_box_category_title_font_size": "14px",
    "related_product_hover_box_category_title_font_weight": "bold",
    "related_product_hover_box_price_color": "#212121",
    "related_product_hover_box_price_font_size": "18px",
    "related_product_hover_box_price_font_weight": "600",
    "related_product_hover_box_price_discount_color": "#878A8C",
    "related_product_hover_box_price_discount_font_size": "14px",
    "related_product_hover_box_price_discount_font_weight": "600",

    "cart_header_color": "#9BA2A8",
    "cart_header_font_size": "14px",
    "cart_header_font_weight": "600",
    "cart_separator_color": "#EBF0F5",
    "cart_product_color": "#000000",
    "cart_product_font_size": "18px",
    "cart_product_font_weight": "600",
    "cart_variant_color": "#666666",
    "cart_variant_font_size": "14px",
    "cart_variant_font_weight": "bold",
    "cart_remove_color": "#D62B2B",
    "cart_remove_font_size": "14px",
    "cart_remove_font_weight": "normal",
    "cart_remove_hover_color": "#D62B2B",
    "cart_quantity_border_color": "#ebebeb",
    "cart_quantity_focus_border_color": "#2B81D6",
    "cart_quantity_focus_shadow": "#90C0F0",
    "cart_quantity_background": "#ffffff",
    "cart_quantity_color": "#000000",
    "cart_quantity_font_size": "18px",
    "cart_quantity_font_weight": "600",
    "cart_quantity_icon_color": "#CED5DB",
    "cart_total_color": "#212121",
    "cart_total_font_size": "18px",
    "cart_total_font_weight": "bold",
    "cart_footer_color": "#878A8C",
    "cart_footer_font_size": "14px",
    "cart_footer_font_weight": "normal",
    "cart_footer_total_color": "#212121",
    "cart_footer_total_font_size": "18px",
    "cart_footer_total_font_weight": "bold",

    "collection_title_color": "#212121",
    "collection_title_font_size": "24px",
    "collection_title_font_weight": "bold",
    "collection_description_color": "#878A8C",
    "collection_description_font_size": "14px",
    "collection_description_font_weight": "normal",

    "sidebar_parent_color": "#878A8C",
    "sidebar_parent_font_size": "20px",
    "sidebar_parent_font_weight": "bold",
    "sidebar_parent_hover_color": "#2B81D6",
    "sidebar_sub_color": "#212121",
    "sidebar_sub_font_size": "14px",
    "sidebar_sub_font_weight": "600",
    "sidebar_sub_hover_color": "#2B81D6",
    "sidebar_sub_hover_background": "#EBF0F5",

    "pagination_color": "#212121",
    "pagination_font_size": "18px",
    "pagination_font_weight": "600",
    "pagination_hover_color": "#2B81D6",
    "pagination_active_color": "#CED5DB",

    "product_filter_color": "#212121",
    "product_filter_font_size": "16px",
    "product_filter_font_weight": "600",
    "product_filter_select_border_color": "#CED5DB",
    "product_filter_select_background": "#ffffff",

    "product_title_color": "#212121",
    "product_title_font_size": "36px",
    "product_title_font_weight": "600",
    "product_category_title_color": "#878A8C",
    "product_category_title_font_size": "18px",
    "product_category_title_font_weight": "bold",
    "active_image_border_color": "rgba(0, 0, 0, 0.1)",
    "product_image_arrow_color": "#212121",
    "product_image_arrow_hover_color": "#2B81D6",

    "primary_button_background": "#6ABD2F",
    "primary_button_color": "#ffffff",
    "primary_button_font_size": "16px",
    "primary_button_font_weight": "bold",
    "primary_button_hover_background": "#7FCC47",
    "primary_button_hover_color": "#ffffff",
    "secondary_button_background": "#2B81D6",
    "secondary_button_color": "#ffffff",
    "secondary_button_font_size": "16px",
    "secondary_button_font_weight": "bold",
    "secondary_button_hover_background": "#489CF0",
    "secondary_button_hover_color": "#ffffff",

    "form_label_color": "#212121",
    "form_label_font_size": "16px",
    "form_label_font_weight": "bold",
    "form_field_border_color": "#CED5DB",
    "form_field_color": "#212121",
    "form_field_font_size": "16px",
    "form_field_font_weight": "bold",
    "form_field_placeholder_color": "#878A8C",
    "form_field_focus_border_color": "#2B81D6",
    "form_field_focus_shadow": "#90C0F0",
    "form_tick_active_color": "#2B81D6",
    "form_field_background": "#ffffff",
    "form_error_color": "#D62B2B",

    "login_form_title_color": "#212121",
    "login_form_title_font_size": "24px",
    "login_form_title_font_weight": "bold",
    "login_form_color": "#878A8C",
    "login_form_font_size": "14px",
    "login_form_font_weight": "normal",
    "login_footer_color": "#878A8C",
    "login_footer_font_size": "14px",
    "login_footer_font_weight": "normal",
    "login_footer_link_color": "#2B81D6",
    "login_footer_link_font_size": "14px",
    "login_footer_link_font_weight": "bold",
    "login_footer_link_hover_color": "#2B81D6",
    "login_form_subtitle_color": "#212121",
    "login_form_subtitle_font_size": "20px",
    "login_form_subtitle_font_weight": "600",
    "login_form_separator_color": "#EBF0F5",
    "login_form_new_address_color": "#2B81D6",
    "login_form_new_address_font_size": "12px",
    "login_form_new_address_font_weight": "bold",
    "login_form_delete_address_color": "#D62B2B",
    "login_form_delete_address_font_size": "16px",
    "login_form_delete_address_font_weight": "bold",
    "login_form_address_title_color": "#212121",
    "login_form_address_title_font_size": "36px",
    "login_form_address_title_font_weight": "600",
    "login_form_address_name_color": "#212121",
    "login_form_address_name_font_size": "24px",
    "login_form_address_name_font_weight": "600",
    "login_form_account_label_color": "#878A8C",
    "login_form_account_label_font_size": "14px",
    "login_form_account_label_font_weight": "bold",
    "login_form_account_value_color": "#212121",
    "login_form_account_value_font_size": "18px",
    "login_form_account_value_font_weight": "normal",
    "login_form_account_view_details_color": "#2B81D6",
    "login_form_account_view_details_font_size": "16px",
    "login_form_account_view_details_font_weight": "bold",
    "login_form_account_view_details_hover_color": "#2B81D6",

    "order_status_color": "#ffffff",
    "order_status_font_size": "14px",
    "order_status_font_weight": "bold",
    "order_status_completed_background": "#6ABD2F",
    "order_id_color": "#212121",
    "order_id_font_size": "24px",
    "order_id_font_weight": "600",
    "order_value_color": "#212121",
    "order_value_font_size": "14px",
    "order_value_font_weight": "normal",
    "order_item_name_color": "#212121",
    "order_item_name_font_size": "18px",
    "order_item_name_font_weight": "600",
    "order_variant_color": "#212121",
    "order_variant_font_size": "14px",
    "order_variant_font_weight": "normal",
    "order_subtotal_color": "#212121",
    "order_subtotal_font_size": "14px",
    "order_subtotal_font_weight": "normal",
    "order_total_color": "#212121",
    "order_total_font_size": "18px",
    "order_total_font_weight": "bold",

    "blog_home_date_color": "#212121",
    "blog_home_date_font_size": "12px",
    "blog_home_date_font_weight": "bold",
    "blog_home_title_color": "#212121",
    "blog_home_title_font_size": "20px",
    "blog_home_title_font_weight": "bold",
    "blog_home_description_color": "#878A8C",
    "blog_home_description_font_size": "14px",
    "blog_home_description_font_weight": "normal",
    "blog_home_background": "#ffffff",
    "blog_home_shadow": "rgba(159, 163, 167, 0.5)",
    "blog_title_color": "#212121",
    "blog_title_font_size": "48px",
    "blog_title_font_weight": "600",
    "blog_date_color": "#878A8C",
    "blog_date_font_size": "18px",
    "blog_date_font_weight": "normal",
    "blog_post_separator_color": "#EBF0F5",
    "blog_read_more_color": "#2B81D6",
    "blog_read_more_font_size": "18px",
    "blog_read_more_font_weight": "bold",
    "blog_read_more_hover_color": "#2B81D6",
    "blog_next_prev_color": "#2B81D6",
    "blog_next_prev_font_size": "16px",
    "blog_next_prev_font_weight": "bold",
    "blog_next_prev_hover_color": "#2B81D6",
    "blog_next_prev_title_color": "#878A8C",
    "blog_next_prev_title_font_size": "18px",
    "blog_next_prev_title_font_weight": "normal",

    "share_this_separator_color": "#EBF0F5",
    "share_this_title_color": "#212121",
    "share_this_title_font_size": "18px",
    "share_this_title_font_weight": "normal",
    "share_this_icon_color": "#212121",
    "share_this_icon_hover_color": "#3494DD",

    "flash_background": "#fafafa",
    "flash_border_color": "#E5E5E5",
    "flash_color": "#333333",
    "flash_font_size": "16px",
    "flash_font_weight": "bold",

    "primary_color": "#333333",
    "secondary_color": "#666666"
  }
}