{
  "en-US": {
    "presets": {
    },
    "sections": {
      "header": {
        "title": "Header",
        "settings": {
          "align_logo": "Logo alignment",
          "logo": "Logo",
          "logo_max_width": "Maximum width of logo",
          "menu": "Menu"
        }
      },
      "footer": {
        "title": "Footer",
        "settings": {
          "footer_menu1": "Main footer menu",
          "footer_menu2": "Additional footer menu",
          "show_powered_by": "Show 'Powered by'"
        }
      },
      "blog_posts": {
        "title": "Blog posts"
      },
      "collection": {
        "title": "Collection"
      },
      "collection_list": {
        "title": "Collection list"
      },
      "custom": {
        "title": "Custom"
      },
      "custom_collection": {
        "title": "Collection"
      },
      "custom_html": {
        "title": "HTML"
      },
      "custom_image": {
        "title": "Image"
      },
      "custom_product": {
        "title": "Product"
      },
      "custom_text": {
        "title": "Text"
      },
      "custom_video": {
        "title": "Video"
      },
      "image_gallery": {
        "title": "Image gallery",
        "settings": {
          "section_height": {
            "title": "Gallery height",
            "options": {
              "extra-small": "Extra small",
              "small": "Small",
              "medium": "Medium",
              "large": "Large",
              "extra-large": "Extra large"
            }
          }
        },
        "blocks": {
          "image": {
            "title": "Image",
            "settings": {
              "image": {
                "title": "Image"
              },
              "caption": {
                "title": "Caption"
              },
              "image_alignment": {
                "title": "Alignment",
                "options": {
                  "top-left": "Top left",
                  "top-middle": "Top Middle",
                  "top-right": "Top Right",
                  "middle": "Middle",
                  "middle-right": "Middle Right",
                  "middle-left": "Right Left",
                  "bottom-middle": "Bottom Middle",
                  "bottom-right": "Bottom Right",
                  "bottom-left": "Bottom Left"
                }
              }
            }
          }
        }
      },
      "image_with_text": {
        "title": "Image with text"
      },
      "image_with_text_overlay": {
        "title": "Hero",
        "settings": {
          "image": {
            "title": "Image"
          },
          "image_alignment": {
            "title": "Alignment",
            "options": {
              "top-left": "Top left",
              "top-middle": "Top Middle",
              "top-right": "Top Right",
              "middle": "Middle",
              "middle-right": "Middle Right",
              "middle-left": "Right Left",
              "bottom-middle": "Bottom Middle",
              "bottom-right": "Bottom Right",
              "bottom-left": "Bottom Left"
            }
          },
          "title": {
            "title": "Title"
          },
          "text": {
            "title": "Subtitle"
          },
          "section_height": {
            "title": "Section height",
            "options": {
              "extra-small": "Extra small",
              "small": "Small",
              "medium": "Medium",
              "large": "Large",
              "extra-large": "Extra large"
            }
          },
          "text_size": {
            "title": "Text size",
            "options": {
              "medium": "Medium",
              "large": "Large"
            }
          },
          "button_label": {
            "title": "Button text"
          },
          "button_url": {
            "title": "Button URL"
          }
        }
      },
      "location_and_contact": {
        "title": "Location/Contacts"
      },
      "logo_list": {
        "title": "Brands/Logos"
      },
      "newsletter": {
        "title": "Newsletter"
      },
      "product": {
        "title": "Product"
      },
      "slideshow": {
        "title": "Slideshow"
      },
      "testimonials": {
        "title": "Testimonials"
      },
      "text_columns_with_images": {
        "title": "Text columns with images"
      }
    },
    "general": {
      "body_background": {
        "title": "General background"
      },
      "body_background_on_small_content": {
        "title": "Background for small content area"
      },
      "body_color": {
        "title": "Main text color"
      },
      "body_font_size": {
        "title": "Main text font size"
      },
      "body_font_weight": {
        "title": "Main text font weight"
      },
      "body_link_color": {
        "title": "Main text link color"
      },
      "body_link_hover_color": {
        "title": "Main text link hover color"
      },
      "product_filter_color": {
        "title": "Filter color"
      },
      "product_filter_font_size": {
        "title": "Filter font size"
      },
      "product_filter_font_weight": {
        "title": "Filter font weight"
      },
      "product_filter_select_border_color": {
        "title": "Filter field border color"
      },
      "product_filter_select_background": {
        "title": "Filter field background color"
      },
      "primary_button_background": {
        "title": "Button background"
      },
      "primary_button_color": {
        "title": "Button color"
      },
      "primary_button_font_size": {
        "title": "Button font size"
      },
      "primary_button_font_weight": {
        "title": "Button font weight"
      },
      "primary_button_hover_background": {
        "title": "Button hover background"
      },
      "primary_button_hover_color": {
        "title": "Button hover color"
      },
      "secondary_button_background": {
        "title": "Button background"
      },
      "secondary_button_color": {
        "title": "Button color"
      },
      "secondary_button_font_size": {
        "title": "Button font size"
      },
      "secondary_button_font_weight": {
        "title": "Button font weight"
      },
      "secondary_button_hover_background": {
        "title": "Button hover background"
      },
      "secondary_button_hover_color": {
        "title": "Button hover color"
      },
      "share_this_separator_color": {
        "title": "Separator color"
      },
      "share_this_title_color": {
        "title": "Title color"
      },
      "share_this_title_font_size": {
        "title": "Title font size"
      },
      "share_this_title_font_weight": {
        "title": "Title font weight"
      },
      "share_this_icon_color": {
        "title": "Icon color"
      },
      "share_this_icon_hover_color": {
        "title": "Icon hover color"
      },
      "header_background_color": {
        "title": "Background color"
      },
      "header_border_color": {
        "title": "Bottom border color"
      },
      "header_color": {
        "title": "Text color"
      },
      "header_font_size": {
        "title": "Text font size"
      },
      "header_font_weight": {
        "title": "Text font weight"
      },
      "header_link_color": {
        "title": "Link color"
      },
      "header_link_hover_color": {
        "title": "Link hover color"
      },
      "contacts_color": {
        "title": "Text and link color"
      },
      "contacts_font_size": {
        "title": "Text and link font size"
      },
      "contacts_font_weight": {
        "title": "Text and link font weight"
      },
      "contacts_icon_color": {
        "title": "Icon color"
      },
      "menu_color": {
        "title": "Item color"
      },
      "menu_font_size": {
        "title": "Item font size"
      },
      "menu_font_weight": {
        "title": "Item font weight"
      },
      "menu_hover_color": {
        "title": "Item hover color"
      },
      "menu_active_color": {
        "title": "Item active state color"
      },
      "dropdown_background_color": {
        "title": "Background"
      },
      "dropdown_hover_background_color": {
        "title": "Hover background"
      },
      "dropdown_shadow": {
        "title": "Shadow"
      },
      "search_icon_color": {
        "title": "Icon color"
      },
      "search_icon_hover_color": {
        "title": "Icon hover color"
      },
      "search_button_background": {
        "title": "Button background"
      },
      "search_button_hover_background": {
        "title": "Button hover background"
      },
      "search_button_color": {
        "title": "Button color"
      },
      "search_button_hover_color": {
        "title": "Button hover color"
      },
      "search_field_background": {
        "title": "Field background"
      },
      "search_field_border_color": {
        "title": "Field border color"
      },
      "search_field_shadow": {
        "title": "Field shadow"
      },
      "search_field_color": {
        "title": "Field color"
      },
      "search_field_placeholder_color": {
        "title": "Field placeholder color"
      },
      "language_switcher": {
        "title": "Color"
      },
      "language_font_size": {
        "title": "Font size"
      },
      "language_font_weight": {
        "title": "Font weight"
      },
      "language_hover_color": {
        "title": "Hover color"
      },
      "header_cart_background": {
        "title": "Background"
      },
      "header_cart_color": {
        "title": "Color"
      },
      "header_full_cart_background": {
        "title": "Background with items"
      },
      "footer_background_color": {
        "title": "Background"
      },
      "footer_border_color": {
        "title": "Border color"
      },
      "footer_color": {
        "title": "Color"
      },
      "footer_font_size": {
        "title": "Font size"
      },
      "footer_font_weight": {
        "title": "Font weight"
      },
      "footer_description": {
        "title": "Short text under footer logo"
      },
      "footer_title_color": {
        "title": "Title color"
      },
      "footer_title_font_size": {
        "title": "Title font size"
      },
      "footer_title_font_weight": {
        "title": "Title font weight"
      },
      "footer_title_hover_color": {
        "title": "Title hover color"
      },
      "footer_menu_color": {
        "title": "Menu color"
      },
      "footer_menu_font_size": {
        "title": "Menu font size"
      },
      "footer_menu_font_weight": {
        "title": "Menu font weight"
      },
      "footer_menu_hover_color": {
        "title": "Menu hover color"
      },
      "social_icon_color": {
        "title": "Icon color"
      },
      "social_icon_hover_color": {
        "title": "Icon hover color"
      },
      "copyright_background_color": {
        "title": "Background"
      },
      "copyright_border_color": {
        "title": "Border color"
      },
      "copyright_color": {
        "title": "Color"
      },
      "copyright_font_size": {
        "title": "Font size"
      },
      "copyright_font_weight": {
        "title": "Font weight"
      },
      "shoperb_color": {
        "title": "Shoperb logo color"
      },
      "landing_subtitle_color": {
        "title": "Subtitle color"
      },
      "landing_subtitle_font_size": {
        "title": "Subtitle font size"
      },
      "landing_subtitle_font_weight": {
        "title": "Subtitle font weight"
      },
      "landing_border_color": {
        "title": "Border color"
      },
      "banner_title_color": {
        "title": "Title color"
      },
      "banner_title_font_size": {
        "title": "Title font size"
      },
      "banner_title_font_weight": {
        "title": "Title font weight"
      },
      "banner_color": {
        "title": "Color"
      },
      "banner_font_size": {
        "title": "Font size"
      },
      "banner_font_weight": {
        "title": "Font weight"
      },
      "banner_navigation_color": {
        "title": "Navigation color"
      },
      "banner_navigation_active_color": {
        "title": "Navigation active color"
      },
      "newsletter_color": {
        "title": "Color"
      },
      "newsletter_font_size": {
        "title": "Font size"
      },
      "newsletter_font_weight": {
        "title": "Font weight"
      },
      "newsletter_input_color": {
        "title": "Input color"
      },
      "newsletter_input_font_size": {
        "title": "Input font size"
      },
      "newsletter_input_font_weight": {
        "title": "Input font weight"
      },
      "newsletter_input_placeholder_color": {
        "title": "Input placeholder color"
      },
      "newsletter_input_border": {
        "title": "Input border color"
      },
      "newsletter_message_color": {
        "title": "Message color"
      },
      "newsletter_message_font_size": {
        "title": "Message font size"
      },
      "newsletter_message_font_weight": {
        "title": "Message font weight"
      },
      "product_title_color": {
        "title": "Title color"
      },
      "product_title_font_size": {
        "title": "Title font size"
      },
      "product_title_font_weight": {
        "title": "Title font weight"
      },
      "product_category_title_color": {
        "title": "Category name color"
      },
      "product_category_title_font_size": {
        "title": "Category name font size"
      },
      "product_category_title_font_weight": {
        "title": "Category name font weight"
      },
      "product_price_color": {
        "title": "Price color"
      },
      "product_price_font_size": {
        "title": "Price font size"
      },
      "product_price_font_weight": {
        "title": "Price font weight"
      },
      "product_price_discount_color": {
        "title": "Discount price color"
      },
      "product_price_discount_font_size": {
        "title": "Discount price font size"
      },
      "product_price_discount_font_weight": {
        "title": "Discount price font weight"
      },
      "active_image_border_color": {
        "title": "Active image border color"
      },
      "product_image_arrow_color": {
        "title": "Image slider arrow color"
      },
      "product_image_arrow_hover_color": {
        "title": "Image slider arrow hover color"
      },
      "variants_color": {
        "title": "Title color"
      },
      "variants_font_size": {
        "title": "Title font size"
      },
      "variants_font_weight": {
        "title": "Title font weight"
      },
      "variants_option_color": {
        "title": "Option color"
      },
      "variants_option_font_size": {
        "title": "Option font size"
      },
      "variants_option_font_weight": {
        "title": "Option font weight"
      },
      "variants_field_option_color": {
        "title": "Input field color"
      },
      "variants_field_option_font_size": {
        "title": "Input field font size"
      },
      "variants_field_option_font_weight": {
        "title": "Input field font weight"
      },
      "variants_field_option_border_color": {
        "title": "Input field border color"
      },
      "variants_option_active_color": {
        "title": "Active option color"
      },
      "variants_option_shadow": {
        "title": "Box option shadow"
      },
      "related_product_sale_color": {
        "title": "Sale sign color"
      },
      "related_product_sale_font_size": {
        "title": "Sale sign font size"
      },
      "related_product_sale_font_weight": {
        "title": "Sale sign font weight"
      },
      "related_product_sale_background": {
        "title": "Sale sign background"
      },
      "related_product_sold_color": {
        "title": "Sold sign color"
      },
      "related_product_sold_font_size": {
        "title": "Sold sign font size"
      },
      "related_product_sold_font_weight": {
        "title": "Sold sign font weight"
      },
      "related_product_sold_background": {
        "title": "Sold sign background"
      },
      "related_product_hover_box_background": {
        "title": "Background"
      },
      "related_product_hover_box_shadow": {
        "title": "Shadow"
      },
      "related_product_hover_box_title_color": {
        "title": "Title color"
      },
      "related_product_hover_box_title_font_size": {
        "title": "Title font size"
      },
      "related_product_hover_box_title_font_weight": {
        "title": "Title font weight"
      },
      "related_product_hover_box_category_title_color": {
        "title": "Category name color"
      },
      "related_product_hover_box_category_title_font_size": {
        "title": "Category name font size"
      },
      "related_product_hover_box_category_title_font_weight": {
        "title": "Category name font weight"
      },
      "related_product_hover_box_price_color": {
        "title": "Price color"
      },
      "related_product_hover_box_price_font_size": {
        "title": "Price font size"
      },
      "related_product_hover_box_price_font_weight": {
        "title": "Price font weight"
      },
      "related_product_hover_box_price_discount_color": {
        "title": "Discount price color"
      },
      "related_product_hover_box_price_discount_font_size": {
        "title": "Discount price font size"
      },
      "related_product_hover_box_price_discount_font_weight": {
        "title": "Discount price font weight"
      },
      "box_title_color": {
        "title": "Title color"
      },
      "box_title_font_size": {
        "title": "Title font size"
      },
      "box_title_font_weight": {
        "title": "Title font weight"
      },
      "box_subtitle_color": {
        "title": "Category name color"
      },
      "box_subtitle_font_size": {
        "title": "Category name font size"
      },
      "box_subtitle_font_weight": {
        "title": "Category name font weight"
      },
      "box_price_color": {
        "title": "Price color"
      },
      "box_price_font_size": {
        "title": "Price font size"
      },
      "box_price_font_weight": {
        "title": "Price font weight"
      },
      "box_price_discount_color": {
        "title": "Discount price color"
      },
      "box_price_discount_font_size": {
        "title": "Discount price font size"
      },
      "box_price_discount_font_weight": {
        "title": "Discount price font weight"
      },
      "product_sale_color": {
        "title": "Sale sign color"
      },
      "product_sale_font_size": {
        "title": "Sale sign font size"
      },
      "product_sale_font_weight": {
        "title": "Sale sign font weight"
      },
      "product_sale_background": {
        "title": "Sale sign background"
      },
      "product_sold_color": {
        "title": "Sold sign color"
      },
      "product_sold_font_size": {
        "title": "Sold sign font size"
      },
      "product_sold_font_weight": {
        "title": "Sold sign font weight"
      },
      "product_sold_background": {
        "title": "Sold sign background"
      },
      "hover_box_opacity_background": {
        "title": "Opacity background"
      },
      "hover_box_background": {
        "title": "Background"
      },
      "hover_box_shadow": {
        "title": "Shadow"
      },
      "hover_box_title_color": {
        "title": "Title color"
      },
      "hover_box_title_font_size": {
        "title": "Title font size"
      },
      "hover_box_title_font_weight": {
        "title": "Title font weight"
      },
      "hover_box_subtitle_color": {
        "title": "Category name color"
      },
      "hover_box_subtitle_font_size": {
        "title": "Category name font size"
      },
      "hover_box_subtitle_font_weight": {
        "title": "Category name font weight"
      },
      "hover_box_price_color": {
        "title": "Price color"
      },
      "hover_box_price_font_size": {
        "title": "Price font size"
      },
      "hover_box_price_font_weight": {
        "title": "Price font weight"
      },
      "hover_box_price_discount_color": {
        "title": "Discount price color"
      },
      "hover_box_price_discount_font_size": {
        "title": "Discount price font size"
      },
      "hover_box_price_discount_font_weight": {
        "title": "Discount price font weight"
      },
      "hover_box_view_details_color": {
        "title": "Details link color"
      },
      "hover_box_view_details_font_size": {
        "title": "Details link font size"
      },
      "hover_box_view_details_font_weight": {
        "title": "Details link font weight"
      },
      "hover_box_view_details_border_color": {
        "title": "Details link border color"
      },
      "hover_box_view_details_hover_color": {
        "title": "Details link hover color"
      },
      "hover_box_view_details_hover_border_color": {
        "title": "Details link border hover color"
      },
      "hover_box_variants_color": {
        "title": "Title color"
      },
      "hover_box_variants_font_size": {
        "title": "Title font size"
      },
      "hover_box_variants_font_weight": {
        "title": "Title font weight"
      },
      "hover_box_variants_option_color": {
        "title": "Option color"
      },
      "hover_box_variants_option_font_size": {
        "title": "Option font size"
      },
      "hover_box_variants_option_font_weight": {
        "title": "Option font weight"
      },
      "hover_box_variants_option_active_color": {
        "title": "Active option color"
      },
      "collection_title_color": {
        "title": "Title color"
      },
      "collection_title_font_size": {
        "title": "Title font size"
      },
      "collection_title_font_weight": {
        "title": "Title font weight"
      },
      "collection_description_color": {
        "title": "Description color"
      },
      "collection_description_font_size": {
        "title": "Description font size"
      },
      "collection_description_font_weight": {
        "title": "Description font weight"
      },
      "sidebar_parent_color": {
        "title": "First level item color"
      },
      "sidebar_parent_font_size": {
        "title": "First level item font size"
      },
      "sidebar_parent_font_weight": {
        "title": "First level item font weight"
      },
      "sidebar_parent_hover_color": {
        "title": "First level item hover color"
      },
      "sidebar_sub_color": {
        "title": "Item color"
      },
      "sidebar_sub_font_size": {
        "title": "Item font size"
      },
      "sidebar_sub_font_weight": {
        "title": "Item font weight"
      },
      "sidebar_sub_hover_color": {
        "title": "Item hover color"
      },
      "sidebar_sub_hover_background": {
        "title": "Item hover background"
      },
      "cart_header_color": {
        "title": "Header color"
      },
      "cart_header_font_size": {
        "title": "Header font size"
      },
      "cart_header_font_weight": {
        "title": "Header font weight"
      },
      "cart_separator_color": {
        "title": "Separator line color"
      },
      "cart_product_color": {
        "title": "Product color"
      },
      "cart_product_font_size": {
        "title": "Product font size"
      },
      "cart_product_font_weight": {
        "title": "Product font weight"
      },
      "cart_variant_color": {
        "title": "Variant color"
      },
      "cart_variant_font_size": {
        "title": "Variant font size"
      },
      "cart_variant_font_weight": {
        "title": "Variant font weight"
      },
      "cart_remove_color": {
        "title": "Remove button color"
      },
      "cart_remove_font_size": {
        "title": "Remove button font size"
      },
      "cart_remove_font_weight": {
        "title": "Remove button font weight"
      },
      "cart_remove_hover_color": {
        "title": "Remove button hover color"
      },
      "cart_quantity_border_color": {
        "title": "Quantity border color"
      },
      "cart_quantity_focus_border_color": {
        "title": "Quantity border focus color"
      },
      "cart_quantity_focus_shadow": {
        "title": "Quantity focus shadow"
      },
      "cart_quantity_background": {
        "title": "Quantity background"
      },
      "cart_quantity_color": {
        "title": "Quantity color"
      },
      "cart_quantity_font_size": {
        "title": "Quantity font size"
      },
      "cart_quantity_font_weight": {
        "title": "Quantity font weight"
      },
      "cart_quantity_icon_color": {
        "title": "Quantity icon color"
      },
      "cart_total_color": {
        "title": "Product total color"
      },
      "cart_total_font_size": {
        "title": "Product total font size"
      },
      "cart_total_font_weight": {
        "title": "Product total font weight"
      },
      "cart_footer_color": {
        "title": "Footer color"
      },
      "cart_footer_font_size": {
        "title": "Footer font size"
      },
      "cart_footer_font_weight": {
        "title": "Footer font weight"
      },
      "cart_footer_total_color": {
        "title": "Footer total color"
      },
      "cart_footer_total_font_size": {
        "title": "Footer total font size"
      },
      "cart_footer_total_font_weight": {
        "title": "Footer total font weight"
      },
      "form_label_color": {
        "title": "Label color"
      },
      "form_label_font_size": {
        "title": "Label font size"
      },
      "form_label_font_weight": {
        "title": "Label font weight"
      },
      "form_field_border_color": {
        "title": "Field border color"
      },
      "form_field_color": {
        "title": "Field color"
      },
      "form_field_font_size": {
        "title": "Field font size"
      },
      "form_field_font_weight": {
        "title": "Field font weight"
      },
      "form_field_placeholder_color": {
        "title": "Field placeholder color"
      },
      "form_field_focus_border_color": {
        "title": "Field focus border"
      },
      "form_field_focus_shadow": {
        "title": "Field focus shadow"
      },
      "form_tick_active_color": {
        "title": "Tick active color"
      },
      "form_field_background": {
        "title": "Field background"
      },
      "form_error_color": {
        "title": "Field error color"
      },
      "login_form_title_color": {
        "title": "Title color"
      },
      "login_form_title_font_size": {
        "title": "Title font size"
      },
      "login_form_title_font_weight": {
        "title": "Title font weight"
      },
      "login_form_color": {
        "title": "Color"
      },
      "login_form_font_size": {
        "title": "Font size"
      },
      "login_form_font_weight": {
        "title": "Font weight"
      },
      "login_footer_color": {
        "title": "Footer color"
      },
      "login_footer_font_size": {
        "title": "Footer font size"
      },
      "login_footer_font_weight": {
        "title": "Footer font weight"
      },
      "login_footer_link_color": {
        "title": "Footer link color"
      },
      "login_footer_link_font_size": {
        "title": "Footer link font size"
      },
      "login_footer_link_font_weight": {
        "title": "Footer link font weight"
      },
      "login_footer_link_hover_color": {
        "title": "Footer link hover color"
      },
      "login_form_subtitle_color": {
        "title": "Subtitle color"
      },
      "login_form_subtitle_font_size": {
        "title": "Subtitle font size"
      },
      "login_form_subtitle_font_weight": {
        "title": "Subtitle font weight"
      },
      "login_form_separator_color": {
        "title": "Separator color"
      },
      "login_form_account_label_color": {
        "title": "Label color"
      },
      "login_form_account_label_font_size": {
        "title": "Label font size"
      },
      "login_form_account_label_font_weight": {
        "title": "Label font weight"
      },
      "login_form_account_value_color": {
        "title": "Value color"
      },
      "login_form_account_value_font_size": {
        "title": "Value font size"
      },
      "login_form_account_value_font_weight": {
        "title": "Value font weight"
      },
      "login_form_account_view_details_color": {
        "title": "Details link color"
      },
      "login_form_account_view_details_font_size": {
        "title": "Details link font size"
      },
      "login_form_account_view_details_font_weight": {
        "title": "Details link font weight"
      },
      "login_form_account_view_details_hover_color": {
        "title": "Details link hover color"
      },
      "login_form_address_title_color": {
        "title": "Address title color"
      },
      "login_form_address_title_font_size": {
        "title": "Address title font size"
      },
      "login_form_address_title_font_weight": {
        "title": "Address title font weight"
      },
      "login_form_address_name_color": {
        "title": "Address name color"
      },
      "login_form_address_name_font_size": {
        "title": "Address name font size"
      },
      "login_form_address_name_font_weight": {
        "title": "Address name font weight"
      },
      "login_form_new_address_color": {
        "title": "New address link color"
      },
      "login_form_new_address_font_size": {
        "title": "New address link font size"
      },
      "login_form_new_address_font_weight": {
        "title": "New address link font weight"
      },
      "login_form_delete_address_color": {
        "title": "Delete address link color"
      },
      "login_form_delete_address_font_size": {
        "title": "Delete address link font size"
      },
      "login_form_delete_address_font_weight": {
        "title": "Delete address link font weight"
      },
      "order_id_color": {
        "title": "ID color"
      },
      "order_id_font_size": {
        "title": "ID font size"
      },
      "order_id_font_weight": {
        "title": "ID font weight"
      },
      "order_value_color": {
        "title": "Details color"
      },
      "order_value_font_size": {
        "title": "Details font size"
      },
      "order_value_font_weight": {
        "title": "Details font weight"
      },
      "order_item_name_color": {
        "title": "Product name color"
      },
      "order_item_name_font_size": {
        "title": "Product name font size"
      },
      "order_item_name_font_weight": {
        "title": "Product name font weight"
      },
      "order_variant_color": {
        "title": "Product variants color"
      },
      "order_variant_font_size": {
        "title": "Product variants font size"
      },
      "order_variant_font_weight": {
        "title": "Product variants font weight"
      },
      "order_subtotal_color": {
        "title": "Subtotal color"
      },
      "order_subtotal_font_size": {
        "title": "Subtotal font size"
      },
      "order_subtotal_font_weight": {
        "title": "Subtotal font weight"
      },
      "order_total_color": {
        "title": "Total color"
      },
      "order_total_font_size": {
        "title": "Total font size"
      },
      "order_total_font_weight": {
        "title": "Total font weight"
      },
      "blog_title_color": {
        "title": "Title color"
      },
      "blog_title_font_size": {
        "title": "Title font size"
      },
      "blog_title_font_weight": {
        "title": "Title font weight"
      },
      "blog_date_color": {
        "title": "Date color"
      },
      "blog_date_font_size": {
        "title": "Date font size"
      },
      "blog_date_font_weight": {
        "title": "Date font weight"
      },
      "blog_post_separator_color": {
        "title": "Separator color"
      },
      "blog_read_more_color": {
        "title": "'Read more' color"
      },
      "blog_read_more_font_size": {
        "title": "'Read more' font size"
      },
      "blog_read_more_font_weight": {
        "title": "'Read more' font weight"
      },
      "blog_read_more_hover_color": {
        "title": "'Read more' hover color"
      },
      "blog_next_prev_color": {
        "title": "Next/previous link color"
      },
      "blog_next_prev_font_size": {
        "title": "Next/previous link font size"
      },
      "blog_next_prev_font_weight": {
        "title": "Next/previous link font weight"
      },
      "blog_next_prev_hover_color": {
        "title": "Next/previous link hover color"
      },
      "blog_next_prev_title_color": {
        "title": "Next/previous title color"
      },
      "blog_next_prev_title_font_size": {
        "title": "Next/previous title font size"
      },
      "blog_next_prev_title_font_weight": {
        "title": "Next/previous title font weight"
      },
      "blog_home_date_color": {
        "title": "Home page date color"
      },
      "blog_home_date_font_size": {
        "title": "Home page date font size"
      },
      "blog_home_date_font_weight": {
        "title": "Home page date font weight"
      },
      "blog_home_title_color": {
        "title": "Home page title color"
      },
      "blog_home_title_font_size": {
        "title": "Home page title font size"
      },
      "blog_home_title_font_weight": {
        "title": "Home page title font weight"
      },
      "blog_home_description_color": {
        "title": "Home page description color"
      },
      "blog_home_description_font_size": {
        "title": "Home page description font size"
      },
      "blog_home_description_font_weight": {
        "title": "Home page description font weight"
      },
      "blog_home_background": {
        "title": "Home page post background"
      },
      "blog_home_shadow": {
        "title": "Home page post shadow"
      },
      "flash_background": {
        "title": "Background"
      },
      "flash_border_color": {
        "title": "Border color"
      },
      "flash_color": {
        "title": "Color"
      },
      "flash_font_size": {
        "title": "Font size"
      },
      "flash_font_weight": {
        "title": "Font weight"
      },
      "": {
        "title": ""
      }
    },
    "categories": {
      "general": "General settings",
      "header": "Header",
      "footer": "Footer",
      "social": "Social icons",
      "landing_page": "Landing page",
      "banners": "Landing page banners",
      "newsletter": "Newsletter form",
      "products": "Product page & items",
      "product_list_box": "Product box",
      "collections": "Collections",
      "sidebar": "Sidebar on left",
      "cart": "Cart",
      "login_area": "Account & login area",
      "blog_posts": "Blog posts",
      "flash_message": "Notification messages"
    }
  }
}