{
  "et-EE": {
    "presets": {
    },
    "sections": {
      "header": {
        "title": "Päis",
        "settings": {
          "align_logo": "Logo paigutus",
          "logo": "Logo",
          "logo_max_width": "Logo maksimaalne laius",
          "menu": "Menüü"
        }
      },
      "footer": {
        "title": "Jalus",
        "settings": {
          "footer_menu1": "Peajaluse menüü",
          "footer_menu2": "Lisajaluse menüü",
          "show_powered_by": "Näita 'Powered by'"
        }
      },
      "blog_posts": {
        "title": "Blogi postitused"
      },
      "collection": {
        "title": "Kollektsioon"
      },
      "collection_list": {
        "title": "Kollektsioonide nimekiri"
      },
      "custom": {
        "title": "Loo ise"
      },
      "custom_collection": {
        "title": "Kollektsioon"
      },
      "custom_html": {
        "title": "HTML"
      },
      "custom_image": {
        "title": "Pilt"
      },
      "custom_product": {
        "title": "Toode"
      },
      "custom_text": {
        "title": "Tekst"
      },
      "custom_video": {
        "title": "Video"
      },
      "image_gallery": {
        "title": "Pildigalerii",
        "settings": {
          "section_height": {
            "title": "Galerii kõrgus",
            "options": {
              "extra-small": "Väga väike",
              "small": "Väike",
              "medium": "Keskmine",
              "large": "Suur",
              "extra-large": "Väga suur"
            }
          }
        },
        "blocks": {
          "image": {
            "title": "Pilt",
            "settings": {
              "image": {
                "title": "Pilt"
              },
              "caption": {
                "title": "Pealkiri"
              },
              "image_alignment": {
                "title": "Paigutus",
                "options": {
                  "top-left": "Üles vasakule",
                  "top-middle": "Üles keskele",
                  "top-right": "Üles paremale",
                  "middle": "Keskele",
                  "middle-right": "Keskele paremale",
                  "middle-left": "Keskele vasakule",
                  "bottom-middle": "Alla keskele",
                  "bottom-right": "Alla paremale",
                  "bottom-left": "Alla vasakule"
                }
              }
            }
          }
        }
      },
      "image_with_text": {
        "title": "Pilt tekstiga"
      },
      "image_with_text_overlay": {
        "title": "Päisepilt",
        "settings": {
          "image": {
            "title": "Pilt"
          },
          "image_alignment": {
            "title": "Paigutus",
            "options": {
              "top-left": "Üles vasakule",
              "top-middle": "Üles keskele",
              "top-right": "Üles paremale",
              "middle": "Keskele",
              "middle-right": "Keskele paremale",
              "middle-left": "Keskele vasakule",
              "bottom-middle": "Alla keskele",
              "bottom-right": "Alla paremale",
              "bottom-left": "Alla vasakule"
            }
          },
          "title": {
            "title": "Pealkiri"
          },
          "text": {
            "title": "Alapealkiri"
          },
          "section_height": {
            "title": "Sektsiooni kõrgus",
            "options": {
              "extra-small": "Väga väike",
              "small": "Väike",
              "medium": "Keskmine",
              "large": "Suur",
              "extra-large": "Väga suur"
            }
          },
          "text_size": {
            "title": "Teksti suurus",
            "options": {
              "medium": "Keskmine",
              "large": "Suur"
            }
          },
          "button_label": {
            "title": "Nupu tekst"
          },
          "button_url": {
            "title": "Nupu URL"
          }
        }
      },
      "location_and_contact": {
        "title": "Asukoht/kontakt"
      },
      "logo_list": {
        "title": "Brändid/logod"
      },
      "newsletter": {
        "title": "Uudiskiri"
      },
      "product": {
        "title": "Toode"
      },
      "slideshow": {
        "title": "Slaidishow"
      },
      "testimonials": {
        "title": "Iseloomustused"
      },
      "text_columns_with_images": {
        "title": "Teksti lõigud piltidega"
      }
    },
    "settings": {
      "body_background": {
        "title": "Taustavärv"
      },
      "body_background_on_small_content": {
        "title": "Taustavärv väikese sisu puhul"
      },
      "body_color": {
        "title": "Peamine teksti värv"
      },
      "body_font_size": {
        "title": "Peamise teksti suurus"
      },
      "body_font_weight": {
        "title": "Peamise teksti jämedus"
      },
      "body_link_color": {
        "title": "Peamise teksti lingi värv"
      },
      "body_link_hover_color": {
        "title": "Peamise teksti lingi aktiivne värv"
      },
      "product_filter_color": {
        "title": "Filtri teksti värv"
      },
      "product_filter_font_size": {
        "title": "Filtri teksti suurus"
      },
      "product_filter_font_weight": {
        "title": "Filtri teksti jämedus"
      },
      "product_filter_select_border_color": {
        "title": "Filtri välja serva värvi"
      },
      "product_filter_select_background": {
        "title": "Filtri välja taustavärv"
      },
      "primary_button_background": {
        "title": "Nupu taustavärv"
      },
      "primary_button_color": {
        "title": "Nupu teksti värv"
      },
      "primary_button_font_size": {
        "title": "Nupu teksti suurus"
      },
      "primary_button_font_weight": {
        "title": "Nupu teksti jämedus"
      },
      "primary_button_hover_background": {
        "title": "Nupu aktiivne taustavärv"
      },
      "primary_button_hover_color": {
        "title": "Nupu teksti aktiivne värv"
      },
      "secondary_button_background": {
        "title": "Nupu taustavärv"
      },
      "secondary_button_color": {
        "title": "Nupu teksti värv"
      },
      "secondary_button_font_size": {
        "title": "Nupu teksti suurus"
      },
      "secondary_button_font_weight": {
        "title": "Nupu teksti jämedus"
      },
      "secondary_button_hover_background": {
        "title": "Nupu aktiivne taustavärv"
      },
      "secondary_button_hover_color": {
        "title": "Nupu teksti aktiivne värv"
      },
      "share_this_separator_color": {
        "title": "Eraldusjoone värv"
      },
      "share_this_title_color": {
        "title": "Pealkirja värv"
      },
      "share_this_title_font_size": {
        "title": "Pealkirja suurus"
      },
      "share_this_title_font_weight": {
        "title": "Pealkirja jämedus"
      },
      "share_this_icon_color": {
        "title": "Ikooni värv"
      },
      "share_this_icon_hover_color": {
        "title": "Ikooni aktiivne värv"
      },
      "header_background_color": {
        "title": "Taustavärv"
      },
      "header_border_color": {
        "title": "Alumise serva värv"
      },
      "header_color": {
        "title": "Teksti värv"
      },
      "header_font_size": {
        "title": "Teksti suurus"
      },
      "header_font_weight": {
        "title": "Teksti jämedus"
      },
      "header_link_color": {
        "title": "Lingi värv"
      },
      "header_link_hover_color": {
        "title": "Lingi aktiivne värv"
      },
      "contacts_color": {
        "title": "Teksti ja lingi värv"
      },
      "contacts_font_size": {
        "title": "Teksti ja lingi suurus"
      },
      "contacts_font_weight": {
        "title": "Teksti ja lingi jämedus"
      },
      "contacts_icon_color": {
        "title": "Ikooni värv"
      },
      "menu_color": {
        "title": "Menüü lingi värv"
      },
      "menu_font_size": {
        "title": "Menüü lingi suurus"
      },
      "menu_font_weight": {
        "title": "Menüü lingi jämedus"
      },
      "menu_hover_color": {
        "title": "Menüü lingi aktiivne värv"
      },
      "menu_active_color": {
        "title": "Menüü lingi aktiivne taustavärv"
      },
      "dropdown_background_color": {
        "title": "Taustavärv"
      },
      "dropdown_hover_background_color": {
        "title": "Aktiivne taustavärv"
      },
      "dropdown_shadow": {
        "title": "Vari"
      },
      "search_icon_color": {
        "title": "Ikooni värv"
      },
      "search_icon_hover_color": {
        "title": "Ikooni aktiivne värv"
      },
      "search_button_background": {
        "title": "Nupu taustavärv"
      },
      "search_button_hover_background": {
        "title": "Nupu aktiivne taustavärv"
      },
      "search_button_color": {
        "title": "Nupu teksti värv"
      },
      "search_button_hover_color": {
        "title": "Nupu teksti aktiivne värv"
      },
      "search_field_background": {
        "title": "Välja taustavärv"
      },
      "search_field_border_color": {
        "title": "Välja serva värv"
      },
      "search_field_shadow": {
        "title": "Välja vari"
      },
      "search_field_color": {
        "title": "Välja teksti värv"
      },
      "search_field_placeholder_color": {
        "title": "Välja kohatäite värv"
      },
      "language_switcher": {
        "title": "Teksti värv"
      },
      "language_font_size": {
        "title": "Teksti suurus"
      },
      "language_font_weight": {
        "title": "Teksti jämedus"
      },
      "language_hover_color": {
        "title": "Teksti aktiivne värv"
      },
      "header_cart_background": {
        "title": "Taustavärv"
      },
      "header_cart_color": {
        "title": "Teksti värv"
      },
      "header_full_cart_background": {
        "title": "Taustavärv koos toodetega"
      },
      "footer_background_color": {
        "title": "Taustavärv"
      },
      "footer_border_color": {
        "title": "Serva värv"
      },
      "footer_color": {
        "title": "Teksti värv"
      },
      "footer_font_size": {
        "title": "Teksti suurus"
      },
      "footer_font_weight": {
        "title": "Teksti jämedus"
      },
      "footer_description": {
        "title": "Lühikirjeldus logo alla"
      },
      "footer_title_color": {
        "title": "Pealkirja värv"
      },
      "footer_title_font_size": {
        "title": "Pealkirja suurus"
      },
      "footer_title_font_weight": {
        "title": "Pealkirja jämedus"
      },
      "footer_title_hover_color": {
        "title": "Pealkirja aktiivne värv"
      },
      "footer_menu_color": {
        "title": "Menüü lingi värv"
      },
      "footer_menu_font_size": {
        "title": "Menüü lingi suurus"
      },
      "footer_menu_font_weight": {
        "title": "Menüü lingi jämedus"
      },
      "footer_menu_hover_color": {
        "title": "Menüü lingi aktiivne värv"
      },
      "social_icon_color": {
        "title": "Ikooni värv"
      },
      "social_icon_hover_color": {
        "title": "Ikooni aktiivne värv"
      },
      "copyright_background_color": {
        "title": "Taustavärv"
      },
      "copyright_border_color": {
        "title": "Serva värv"
      },
      "copyright_color": {
        "title": "Teksti värv"
      },
      "copyright_font_size": {
        "title": "Teksti suurus"
      },
      "copyright_font_weight": {
        "title": "Teksti jämedus"
      },
      "shoperb_color": {
        "title": "Shoperbi logo värv"
      },
      "landing_subtitle_color": {
        "title": "Alampealkirja värv"
      },
      "landing_subtitle_font_size": {
        "title": "Alampealkirja suurus"
      },
      "landing_subtitle_font_weight": {
        "title": "Alampealkirja jämedus"
      },
      "landing_border_color": {
        "title": "Serva värv"
      },
      "banner_title_color": {
        "title": "Pealkirja värv"
      },
      "banner_title_font_size": {
        "title": "Pealkirja suurus"
      },
      "banner_title_font_weight": {
        "title": "Pealkirja jämedus"
      },
      "banner_color": {
        "title": "Teksti värv"
      },
      "banner_font_size": {
        "title": "Teksti suurus"
      },
      "banner_font_weight": {
        "title": "Teksti jämedus"
      },
      "banner_navigation_color": {
        "title": "Navigatsiooni värv"
      },
      "banner_navigation_active_color": {
        "title": "Aktiivse navigatsiooni värv"
      },
      "newsletter_color": {
        "title": "Teksti värv"
      },
      "newsletter_font_size": {
        "title": "Teksti suurus"
      },
      "newsletter_font_weight": {
        "title": "Teksti jämedus"
      },
      "newsletter_input_color": {
        "title": "Välja teksti värv"
      },
      "newsletter_input_font_size": {
        "title": "Välja teksti suurus"
      },
      "newsletter_input_font_weight": {
        "title": "Välja teksti jämedus"
      },
      "newsletter_input_placeholder_color": {
        "title": "Välja kohatäite värv"
      },
      "newsletter_input_border": {
        "title": "Välja serva värv"
      },
      "newsletter_message_color": {
        "title": "Teate teksti värv"
      },
      "newsletter_message_font_size": {
        "title": "Teate teksti suurus"
      },
      "newsletter_message_font_weight": {
        "title": "Teate teksti jämedus"
      },
      "product_title_color": {
        "title": "Pealkirja värv"
      },
      "product_title_font_size": {
        "title": "Pealkirja suurus"
      },
      "product_title_font_weight": {
        "title": "Pealkirja jämedus"
      },
      "product_category_title_color": {
        "title": "Kategooria nime värv"
      },
      "product_category_title_font_size": {
        "title": "Kategooria nime suurus"
      },
      "product_category_title_font_weight": {
        "title": "Kategooria nime jämedus"
      },
      "product_price_color": {
        "title": "Hinna värv"
      },
      "product_price_font_size": {
        "title": "Hinna suurus"
      },
      "product_price_font_weight": {
        "title": "Hinna jämedus"
      },
      "product_price_discount_color": {
        "title": "Allahindluse värv"
      },
      "product_price_discount_font_size": {
        "title": "Allahindluse suurus"
      },
      "product_price_discount_font_weight": {
        "title": "Allahindluse jämedus"
      },
      "active_image_border_color": {
        "title": "Aktiivse pildi serva värv"
      },
      "product_image_arrow_color": {
        "title": "Piltide vahetamise noole värv"
      },
      "product_image_arrow_hover_color": {
        "title": "Piltide vahetamise noole aktiivne värv"
      },
      "variants_color": {
        "title": "Nimetuse värv"
      },
      "variants_font_size": {
        "title": "Nimetuse suurus"
      },
      "variants_font_weight": {
        "title": "Nimetuse jämedus"
      },
      "variants_option_color": {
        "title": "Väärtuse värv"
      },
      "variants_option_font_size": {
        "title": "Väärtuse suurus"
      },
      "variants_option_font_weight": {
        "title": "Väärtuse jämedus"
      },
      "variants_field_option_color": {
        "title": "Välja teksti värv"
      },
      "variants_field_option_font_size": {
        "title": "Välja teksti suurus"
      },
      "variants_field_option_font_weight": {
        "title": "Välja teksti jämedus"
      },
      "variants_field_option_border_color": {
        "title": "Välja teksti serva värv"
      },
      "variants_option_active_color": {
        "title": "Aktiivse vääruse värv"
      },
      "variants_option_shadow": {
        "title": "Väärtuse kasti vari"
      },
      "related_product_sale_color": {
        "title": "Allahinduse teate värv"
      },
      "related_product_sale_font_size": {
        "title": "Allahinduse teate suurus"
      },
      "related_product_sale_font_weight": {
        "title": "Allahinduse teate jämedus"
      },
      "related_product_sale_background": {
        "title": "Allahinduse teate taustavärv"
      },
      "related_product_sold_color": {
        "title": "Müüdud teate värv"
      },
      "related_product_sold_font_size": {
        "title": "Müüdud teate suurus"
      },
      "related_product_sold_font_weight": {
        "title": "Müüdud teate jämedus"
      },
      "related_product_sold_background": {
        "title": "Müüdud teate taustavärv"
      },
      "related_product_hover_box_background": {
        "title": "Taustavärv"
      },
      "related_product_hover_box_shadow": {
        "title": "Vari"
      },
      "related_product_hover_box_title_color": {
        "title": "Pealkirja värv"
      },
      "related_product_hover_box_title_font_size": {
        "title": "Pealkirja suurus"
      },
      "related_product_hover_box_title_font_weight": {
        "title": "Pealkirja jämedus"
      },
      "related_product_hover_box_category_title_color": {
        "title": "Kategooria nime värv"
      },
      "related_product_hover_box_category_title_font_size": {
        "title": "Kategooria nime suurus"
      },
      "related_product_hover_box_category_title_font_weight": {
        "title": "Kategooria nime jämedus"
      },
      "related_product_hover_box_price_color": {
        "title": "Hinna värv"
      },
      "related_product_hover_box_price_font_size": {
        "title": "Hinna suurus"
      },
      "related_product_hover_box_price_font_weight": {
        "title": "Hinna jämedus"
      },
      "related_product_hover_box_price_discount_color": {
        "title": "Allahindluse värv"
      },
      "related_product_hover_box_price_discount_font_size": {
        "title": "Allahindluse suurus"
      },
      "related_product_hover_box_price_discount_font_weight": {
        "title": "Allahindluse jämedus"
      },
      "box_title_color": {
        "title": "Pealkirja värv"
      },
      "box_title_font_size": {
        "title": "Pealkirja suurus"
      },
      "box_title_font_weight": {
        "title": "Pealkirja jämedus"
      },
      "box_subtitle_color": {
        "title": "Kategooria nime värv"
      },
      "box_subtitle_font_size": {
        "title": "Kategooria nime suurus"
      },
      "box_subtitle_font_weight": {
        "title": "Kategooria nime jämedus"
      },
      "box_price_color": {
        "title": "Hinna värv"
      },
      "box_price_font_size": {
        "title": "Hinna suurus"
      },
      "box_price_font_weight": {
        "title": "Hinna jämedus"
      },
      "box_price_discount_color": {
        "title": "Allahindluse värv"
      },
      "box_price_discount_font_size": {
        "title": "Allahindluse suurus"
      },
      "box_price_discount_font_weight": {
        "title": "Allahindluse jämedus"
      },
      "product_sale_color": {
        "title": "Allahinduse teate värv"
      },
      "product_sale_font_size": {
        "title": "Allahinduse teate suurus"
      },
      "product_sale_font_weight": {
        "title": "Allahinduse teate jämedus"
      },
      "product_sale_background": {
        "title": "Allahinduse teate taustavärv"
      },
      "product_sold_color": {
        "title": "Müüdud teate värv"
      },
      "product_sold_font_size": {
        "title": "Müüdud teate suurus"
      },
      "product_sold_font_weight": {
        "title": "Müüdud teate jämedus"
      },
      "product_sold_background": {
        "title": "Müüdud teate taustavärv"
      },
      "hover_box_opacity_background": {
        "title": "Läbipaistev taustavärv"
      },
      "hover_box_background": {
        "title": "Taustavärv"
      },
      "hover_box_shadow": {
        "title": "Vari"
      },
      "hover_box_title_color": {
        "title": "Pealkirja värv"
      },
      "hover_box_title_font_size": {
        "title": "Pealkirja suurus"
      },
      "hover_box_title_font_weight": {
        "title": "Pealkirja jämedus"
      },
      "hover_box_subtitle_color": {
        "title": "Kategooria nime värv"
      },
      "hover_box_subtitle_font_size": {
        "title": "Kategooria nime suurus"
      },
      "hover_box_subtitle_font_weight": {
        "title": "Kategooria nime jämedus"
      },
      "hover_box_price_color": {
        "title": "Hinna värv"
      },
      "hover_box_price_font_size": {
        "title": "Hinna suurus"
      },
      "hover_box_price_font_weight": {
        "title": "Hinna jämedus"
      },
      "hover_box_price_discount_color": {
        "title": "Allahindluse värv"
      },
      "hover_box_price_discount_font_size": {
        "title": "Allahindluse suurus"
      },
      "hover_box_price_discount_font_weight": {
        "title": "Allahindluse jämedus"
      },
      "hover_box_view_details_color": {
        "title": "Detailide lingi värv"
      },
      "hover_box_view_details_font_size": {
        "title": "Detailide lingi suurus"
      },
      "hover_box_view_details_font_weight": {
        "title": "Detailide lingi jämedus"
      },
      "hover_box_view_details_border_color": {
        "title": "Detailide lingi serva värv"
      },
      "hover_box_view_details_hover_color": {
        "title": "Detailide lingi aktiivne värv"
      },
      "hover_box_view_details_hover_border_color": {
        "title": "Detailide lingi serva aktiivne värv"
      },
      "hover_box_variants_color": {
        "title": "Pealkirja värv"
      },
      "hover_box_variants_font_size": {
        "title": "Pealkirja suurus"
      },
      "hover_box_variants_font_weight": {
        "title": "Pealkirja jämedus"
      },
      "hover_box_variants_option_color": {
        "title": "Väärtuse värv"
      },
      "hover_box_variants_option_font_size": {
        "title": "Väärtuse suurus"
      },
      "hover_box_variants_option_font_weight": {
        "title": "Väärtuse jämedus"
      },
      "hover_box_variants_option_active_color": {
        "title": "Aktiivse väärtuse värv"
      },
      "collection_title_color": {
        "title": "Pealkirja värv"
      },
      "collection_title_font_size": {
        "title": "Pealkirja suurus"
      },
      "collection_title_font_weight": {
        "title": "Pealkirja jämedus"
      },
      "collection_description_color": {
        "title": "Teksti värv"
      },
      "collection_description_font_size": {
        "title": "Teksti suurus"
      },
      "collection_description_font_weight": {
        "title": "Teksti jämedus"
      },
      "sidebar_parent_color": {
        "title": "Esimese taseme lingi värv"
      },
      "sidebar_parent_font_size": {
        "title": "Esimese taseme lingi suurus"
      },
      "sidebar_parent_font_weight": {
        "title": "Esimese taseme lingi jämedus"
      },
      "sidebar_parent_hover_color": {
        "title": "Esimese taseme lingi aktiivne värv"
      },
      "sidebar_sub_color": {
        "title": "Lingi värv"
      },
      "sidebar_sub_font_size": {
        "title": "Lingi suurus"
      },
      "sidebar_sub_font_weight": {
        "title": "Lingi jämedus"
      },
      "sidebar_sub_hover_color": {
        "title": "Lingi aktiivne värv"
      },
      "sidebar_sub_hover_background": {
        "title": "Lingi aktiivne taustavärv"
      },
      "cart_header_color": {
        "title": "Päise värv"
      },
      "cart_header_font_size": {
        "title": "Päise suurus"
      },
      "cart_header_font_weight": {
        "title": "Päise jämedus"
      },
      "cart_separator_color": {
        "title": "Eraldusjoone värv"
      },
      "cart_product_color": {
        "title": "Toote nime värv"
      },
      "cart_product_font_size": {
        "title": "Toote nime suurus"
      },
      "cart_product_font_weight": {
        "title": "Toote nime jämedus"
      },
      "cart_variant_color": {
        "title": "Variandi värv"
      },
      "cart_variant_font_size": {
        "title": "Variandi suurus"
      },
      "cart_variant_font_weight": {
        "title": "Variandi jämedus"
      },
      "cart_remove_color": {
        "title": "Kustuta nupu värv"
      },
      "cart_remove_font_size": {
        "title": "Kustuta nupu suurus"
      },
      "cart_remove_font_weight": {
        "title": "Kustuta nupu jämedus"
      },
      "cart_remove_hover_color": {
        "title": "Kustuta nupu aktiivne värv"
      },
      "cart_quantity_border_color": {
        "title": "Koguse välja serva värv"
      },
      "cart_quantity_focus_border_color": {
        "title": "Koguse välja serva aktiivne värv"
      },
      "cart_quantity_focus_shadow": {
        "title": "Koguse välja aktiivne vari"
      },
      "cart_quantity_background": {
        "title": "Koguse välja taustavärv"
      },
      "cart_quantity_color": {
        "title": "Koguse välja värv"
      },
      "cart_quantity_font_size": {
        "title": "Koguse välja suurus"
      },
      "cart_quantity_font_weight": {
        "title": "Koguse välja jämedus"
      },
      "cart_quantity_icon_color": {
        "title": "Koguse välja ikooni värv"
      },
      "cart_total_color": {
        "title": "Toote hinna värv"
      },
      "cart_total_font_size": {
        "title": "Toote hinna suurus"
      },
      "cart_total_font_weight": {
        "title": "Toote hinna jämedus"
      },
      "cart_footer_color": {
        "title": "Jaluse teksti värv"
      },
      "cart_footer_font_size": {
        "title": "Jaluse teksti suurus"
      },
      "cart_footer_font_weight": {
        "title": "Jaluse teksti jämedus"
      },
      "cart_footer_total_color": {
        "title": "Kogusumma värv"
      },
      "cart_footer_total_font_size": {
        "title": "Kogusumma suurus"
      },
      "cart_footer_total_font_weight": {
        "title": "Kogusumma jämedus"
      },
      "form_label_color": {
        "title": "Välja nimetuse värv"
      },
      "form_label_font_size": {
        "title": "Välja nimetuse suurus"
      },
      "form_label_font_weight": {
        "title": "Välja nimetuse jämedus"
      },
      "form_field_border_color": {
        "title": "Välja serva värv"
      },
      "form_field_color": {
        "title": "Välja teksti värv"
      },
      "form_field_font_size": {
        "title": "Välja teksti suurus"
      },
      "form_field_font_weight": {
        "title": "Välja teksti jämedus"
      },
      "form_field_placeholder_color": {
        "title": "Välja kohatäite värv"
      },
      "form_field_focus_border_color": {
        "title": "Välja serva aktiivne värv"
      },
      "form_field_focus_shadow": {
        "title": "Välja aktiivne vari"
      },
      "form_tick_active_color": {
        "title": "Konksu värv"
      },
      "form_field_background": {
        "title": "Välja taustavärv"
      },
      "form_error_color": {
        "title": "Välja vea värv"
      },
      "login_form_title_color": {
        "title": "Pealkirja värv"
      },
      "login_form_title_font_size": {
        "title": "Pealkirja suurus"
      },
      "login_form_title_font_weight": {
        "title": "Pealkirja jämedus"
      },
      "login_form_color": {
        "title": "Teksti värv"
      },
      "login_form_font_size": {
        "title": "Teksti suurus"
      },
      "login_form_font_weight": {
        "title": "Teksti jämedus"
      },
      "login_footer_color": {
        "title": "Jaluse teksti värv"
      },
      "login_footer_font_size": {
        "title": "Jaluse teksti suurus"
      },
      "login_footer_font_weight": {
        "title": "Jaluse teksti jämedus"
      },
      "login_footer_link_color": {
        "title": "Jaluse lingi värv"
      },
      "login_footer_link_font_size": {
        "title": "Jaluse lingi suurus"
      },
      "login_footer_link_font_weight": {
        "title": "Jaluse lingi jämedus"
      },
      "login_footer_link_hover_color": {
        "title": "Jaluse lingi aktiivne värv"
      },
      "login_form_subtitle_color": {
        "title": "Alampealkirja värv"
      },
      "login_form_subtitle_font_size": {
        "title": "Alampealkirja suurus"
      },
      "login_form_subtitle_font_weight": {
        "title": "Alampealkirja jämedus"
      },
      "login_form_separator_color": {
        "title": "Eraldusriba värv"
      },
      "login_form_account_label_color": {
        "title": "Välja nimetuse värv"
      },
      "login_form_account_label_font_size": {
        "title": "Välja nimetuse suurus"
      },
      "login_form_account_label_font_weight": {
        "title": "Välja nimetuse jämedus"
      },
      "login_form_account_value_color": {
        "title": "Väärtuse värv"
      },
      "login_form_account_value_font_size": {
        "title": "Väärtuse suurus"
      },
      "login_form_account_value_font_weight": {
        "title": "Väärtuse jämedus"
      },
      "login_form_account_view_details_color": {
        "title": "Detailide lingi värv"
      },
      "login_form_account_view_details_font_size": {
        "title": "Detailide lingi suurus"
      },
      "login_form_account_view_details_font_weight": {
        "title": "Detailide lingi jämedus"
      },
      "login_form_account_view_details_hover_color": {
        "title": "Detailide lingi aktiivne värv"
      },
      "login_form_address_title_color": {
        "title": "Aadressi pealkirja värv"
      },
      "login_form_address_title_font_size": {
        "title": "Aadressi pealkirja suurus"
      },
      "login_form_address_title_font_weight": {
        "title": "Aadressi pealkirja jämedus"
      },
      "login_form_address_name_color": {
        "title": "Aadressi nimetuse värv"
      },
      "login_form_address_name_font_size": {
        "title": "Aadressi nimetuse suurus"
      },
      "login_form_address_name_font_weight": {
        "title": "Aadressi nimetuse jämedus"
      },
      "login_form_new_address_color": {
        "title": "Uue aadressi lingi värv"
      },
      "login_form_new_address_font_size": {
        "title": "Uue aadressi lingi suurus"
      },
      "login_form_new_address_font_weight": {
        "title": "Uue aadressi lingi jämedus"
      },
      "login_form_delete_address_color": {
        "title": "Aadressi kustutamise lingi värv"
      },
      "login_form_delete_address_font_size": {
        "title": "Aadressi kustutamise lingi suurus"
      },
      "login_form_delete_address_font_weight": {
        "title": "Aadressi kustutamise lingi jämedus"
      },
      "order_id_color": {
        "title": "ID värv"
      },
      "order_id_font_size": {
        "title": "ID suurus"
      },
      "order_id_font_weight": {
        "title": "ID jämedus"
      },
      "order_value_color": {
        "title": "Detailide lingi värv"
      },
      "order_value_font_size": {
        "title": "Detailide lingi suurus"
      },
      "order_value_font_weight": {
        "title": "Detailide lingi jämedus"
      },
      "order_item_name_color": {
        "title": "Toote nime värv"
      },
      "order_item_name_font_size": {
        "title": "Toote nime suurus"
      },
      "order_item_name_font_weight": {
        "title": "Toote nime jämedus"
      },
      "order_variant_color": {
        "title": "Toote variandi värv"
      },
      "order_variant_font_size": {
        "title": "Toote variandi suurus"
      },
      "order_variant_font_weight": {
        "title": "Toote variandi jämedus"
      },
      "order_subtotal_color": {
        "title": "Vahehinna värv"
      },
      "order_subtotal_font_size": {
        "title": "Vahehinna suurus"
      },
      "order_subtotal_font_weight": {
        "title": "Vahehinna jämedus"
      },
      "order_total_color": {
        "title": "Koguhinna värv"
      },
      "order_total_font_size": {
        "title": "Koguhinna suurus"
      },
      "order_total_font_weight": {
        "title": "Koguhinna jämedus"
      },
      "blog_title_color": {
        "title": "Pealkirja värv"
      },
      "blog_title_font_size": {
        "title": "Pealkirja suurus"
      },
      "blog_title_font_weight": {
        "title": "Pealkirja jämedus"
      },
      "blog_date_color": {
        "title": "Kuupäeva värv"
      },
      "blog_date_font_size": {
        "title": "Kuupäeva suurus"
      },
      "blog_date_font_weight": {
        "title": "Kuupäeva jämedus"
      },
      "blog_post_separator_color": {
        "title": "Eraldusjoone värv"
      },
      "blog_read_more_color": {
        "title": "'Loe edasi' värv"
      },
      "blog_read_more_font_size": {
        "title": "'Loe edasi' suurus"
      },
      "blog_read_more_font_weight": {
        "title": "'Loe edasi' jämedus"
      },
      "blog_read_more_hover_color": {
        "title": "'Loe edasi' aktiivne värv"
      },
      "blog_next_prev_color": {
        "title": "Eelmise/järgmise lingi värv"
      },
      "blog_next_prev_font_size": {
        "title": "Eelmise/järgmise lingi suurus"
      },
      "blog_next_prev_font_weight": {
        "title": "Eelmise/järgmise lingi jämedus"
      },
      "blog_next_prev_hover_color": {
        "title": "Eelmise/järgmise lingi aktiivne värv"
      },
      "blog_next_prev_title_color": {
        "title": "Eelmise/järgmise pealkirja värv"
      },
      "blog_next_prev_title_font_size": {
        "title": "Eelmise/järgmise pealkirja suurus"
      },
      "blog_next_prev_title_font_weight": {
        "title": "Eelmise/järgmise pealkirja jämedus"
      },
      "blog_home_date_color": {
        "title": "Avalehe kuupäeva värv"
      },
      "blog_home_date_font_size": {
        "title": "Avalehe kuupäeva suurus"
      },
      "blog_home_date_font_weight": {
        "title": "Avalehe kuupäeva jämedus"
      },
      "blog_home_title_color": {
        "title": "Avalehe pealkirja värv"
      },
      "blog_home_title_font_size": {
        "title": "Avalehe pealkirja suurus"
      },
      "blog_home_title_font_weight": {
        "title": "Avalehe pealkirja jämedus"
      },
      "blog_home_description_color": {
        "title": "Avalehe teksti värv"
      },
      "blog_home_description_font_size": {
        "title": "Avalehe teksti suurus"
      },
      "blog_home_description_font_weight": {
        "title": "Avalehe teksti jämedus"
      },
      "blog_home_background": {
        "title": "Avalehe postituse taustavärv"
      },
      "blog_home_shadow": {
        "title": "Avalehe postituse vari"
      },
      "flash_background": {
        "title": "Taustavärv"
      },
      "flash_border_color": {
        "title": "Serva värv"
      },
      "flash_color": {
        "title": "Teksti värv"
      },
      "flash_font_size": {
        "title": "Teksti suurus"
      },
      "flash_font_weight": {
        "title": "Teksti jämedus"
      },
      "": {
        "title": ""
      }
    },
    "categories": {
      "general": "Üldised seaded",
      "header": "Päis",
      "footer": "Jalus",
      "social": "Sotsiaalikoonid",
      "landing_page": "Avaleht",
      "banners": "Avalehe bannerid",
      "newsletter": "Uudiskirja vorm",
      "products": "Toote leht & detailid",
      "product_list_box": "Toote kast",
      "collections": "Kollektsioonid",
      "sidebar": "Vasak külgriba",
      "cart": "Ostukorv",
      "login_area": "Konto ja kasutaja ala",
      "blog_posts": "Blogipostitused",
      "flash_message": "Teavitusteated"
    },
    "info": {
    }
  }
}