{
  "name": "Blog posts",
  "generic": true,
  "settings": [
    {
      "type": "text",
      "handle": "title",
      "default": "Blog posts"
    },
    {
      "type": "select",
      "handle": "grid",
      "default": "3",
      "options": [
        {
          "value": "3",
          "handle": "3"
        },
        {
          "value": "6",
          "handle": "6"
        },
        {
          "value": "9",
          "handle": "9"
        },
        {
          "value": "12",
          "handle": "12"
        }
      ]
    },
    {
      "type": "toggle",
      "handle": "show_author",
      "default": false
    },
    {
      "type": "toggle",
      "handle": "show_date",
      "default": false
    },
    {
      "type": "toggle",
      "handle": "show_view_all_button",
      "default": false
    }
  ]
}