{
  "name": "Collection list",
  "generic": true,
  "max_blocks": 5,
  "settings": [
    {
      "type": "text",
      "handle": "title",
      "default": "Collection list"
    },
    {
      "type": "select",
      "handle": "grid",
      "default": "3",
      "options": [
        {
          "value": "1",
          "handle": "1"
        },
        {
          "value": "2",
          "handle": "2"
        },
        {
          "value": "3",
          "handle": "3"
        },
        {
          "value": "4",
          "handle": "4"
        },
        {
          "value": "5",
          "handle": "5"
        }
      ]
    }
  ],
  "default": [
    {
      "blocks": [
        {
          "type": "collection"
        },
        {
          "type": "collection"
        },
        {
          "type": "collection"
        }
      ]
    }
  ]
}