{
  "name": "Featured collection",
  "settings": [
    {
      "type": "text",
      "handle": "title",
      "default": "Featured products"
    },
    {
      "type": "combobox",
      "handle": "collection"
    },
    {
      "type": "select",
      "handle": "per_row",
      "default": "3",
      "options": [
        {
          "value": "2",
          "handle": "2"
        },
        {
          "value": "3",
          "handle": "3"
        },
        {
          "value": "4",
          "handle": "4"
        },
        {
          "value": "5",
          "handle": "5"
        }
      ]
    },
    {
      "type": "select",
      "handle": "rows",
      "default": "2",
      "options": [
        {
          "value": "1",
          "handle": "1"
        },
        {
          "value": "2",
          "handle": "2"
        },
        {
          "value": "3",
          "handle": "3"
        },
        {
          "value": "4",
          "handle": "4"
        },
        {
          "value": "5",
          "handle": "5"
        }
      ]
    },
    {
      "type": "toggle",
      "handle": "show_vendor",
      "default": false
    },
    {
      "type": "toggle",
      "handle": "show_button",
      "default": false
    }
  ]
}
