{
  "name": "Header",
  "handle": "header",
  "generic": false,
  "settings": [
    {
      "type": "select",
      "handle": "logo_alignment",
      "default": "left",
      "options": [
        {
          "value": "left",
          "handle": "left"
        },
        {
          "value": "center",
          "handle": "center"
        }
      ]
    },
    {
      "type": "image",
      "handle": "logo",
      "default": ""
    },
    {
      "type": "text",
      "handle": "logo_max_width",
      "default": 100
    },
    {
      "type": "menu",
      "handle": "menu",
      "default": ""
    }
  ]
}