{
  "name": "Image with text",
  "settings": [
    {
      "type": "image",
      "handle": "image"
    },
    {
      "type": "select",
      "handle": "horizontal_alignment",
      "default": "image-on-right",
      "options": [
        {
          "value": "image-on-left",
          "handle": "image-on-left"
        },
        {
          "value": "image-on-right",
          "handle": "image-on-right"
        }
      ]
    },
    {
      "type": "text",
      "handle": "title",
      "default": "Image & text"
    },
    {
      "type": "richtext",
      "handle": "text",
      "default": "Use this combo to really catch attention for a product for example. High quality image with some cleaver wording on it's side can be the key."
    },
    {
      "type": "text",
      "handle": "button_text",
      "default": ""
    },
    {
      "type": "combobox",
      "handle": "button_link",
      "default": ""
    }
  ]
}
