{
  "name": "Text columns with images",
  "generic": true,
  "settings": [
    {
      "type": "image",
      "handle": "logo",
      "default": ""
    },
    {
      "type": "select",
      "handle": "text_alignment",
      "default": "left",
      "options": [
        {
          "value": "left",
          "handle": "left"
        },
        {
          "value": "center",
          "handle": "center"
        }
      ]
    },
    {
      "type": "text",
      "handle": "title",
      "default": "Hero section title"
    },
    {
      "type": "richtext",
      "handle": "text",
      "default": "<p>... and here is where your customers will see your hero message</p>"
    }
  ]
}
