{
  "categories": [
    {
      "handle": "layout",
      "settings": [
        {
          "handle": "what_to_show_here",
          "type": "color"
        }
      ]
    },
    {
      "handle": "colors",
      "settings": [
        {
          "type": "subcategory",
          "handle": "text",
          "settings": [
            {
              "handle": "text_headings_color",
              "type": "color"
            },
            {
              "handle": "text_body_color",
              "type": "color"
            },
            {
              "handle": "text_sale_text_color",
              "type": "color"
            }
          ]
        },
        {
          "type": "subcategory",
          "handle": "buttons",
          "settings": [
            {
              "handle": "buttons_primary_buttons_and_links_color",
              "type": "color"
            },
            {
              "handle": "buttons_primary_button_text_color",
              "type": "color"
            },
            {
              "handle": "buttons_secondary_buttons_color",
              "type": "color"
            },
            {
              "handle": "buttons_secondary_button_text_color",
              "type": "color"
            }
          ]
        },
        {
          "type": "subcategory",
          "handle": "layout",
          "settings": [
            {
              "handle": "layout_background_color",
              "type": "color"
            },
            {
              "handle": "layout_border_color",
              "type": "color"
            }
          ]
        }
      ]
    },
    {
      "handle": "text_styles",
      "settings": [
        {
          "type": "subcategory",
          "handle": "body_fonts",
          "settings": [
            {
              "handle": "body_font_family",
              "type": "select",
              "options": [
                {"handle": "arial", "value": "Arial"},
                {"handle": "lato", "value": "Lato"},
                {"handle": "tahoma", "value": "Tahoma"},
                {"handle": "verdana", "value": "Verdana"}
              ]
            },
            {
              "handle": "body_size",
              "type": "select",
              "options": [
                {"handle": "font_size.10", "value": "10px"},
                {"handle": "font_size.12", "value": "12px"},
                {"handle": "font_size.14", "value": "14px"},
                {"handle": "font_size.16", "value": "16px"},
                {"handle": "font_size.18", "value": "18px"},
                {"handle": "font_size.20", "value": "20px"}
              ]
            }
          ]
        },
        {
          "type": "subcategory",
          "handle": "headings_fonts",
          "settings": [
            {
              "handle": "headings_font_family",
              "type": "select",
              "options": [
                {"handle": "arial", "value": "Arial"},
                {"handle": "lato", "value": "Lato"},
                {"handle": "tahoma", "value": "Tahoma"},
                {"handle": "verdana", "value": "Verdana"}
              ]
            },
            {
              "handle": "headings_size",
              "type": "select",
              "options": [
                {"handle": "font_size.12", "value": "12px"},
                {"handle": "font_size.14", "value": "14px"},
                {"handle": "font_size.16", "value": "16px"},
                {"handle": "font_size.18", "value": "18px"},
                {"handle": "font_size.20", "value": "20px"},
                {"handle": "font_size.22", "value": "22px"},
                {"handle": "font_size.24", "value": "24px"}
              ]
            }
          ]
        },
        {
          "type": "subcategory",
          "handle": "headings_fonts",
          "settings": [
            {
              "handle": "links_and_buttons_font_family",
              "type": "select",
              "options": [
                {"handle": "arial", "value": "Arial"},
                {"handle": "lato", "value": "Lato"},
                {"handle": "tahoma", "value": "Tahoma"},
                {"handle": "verdana", "value": "Verdana"}
              ]
            },
            {
              "handle": "links_and_buttons_size",
              "type": "select",
              "options": [
                {"handle": "font_size.10", "value": "10px"},
                {"handle": "font_size.12", "value": "12px"},
                {"handle": "font_size.14", "value": "14px"},
                {"handle": "font_size.16", "value": "16px"},
                {"handle": "font_size.18", "value": "18px"},
                {"handle": "font_size.20", "value": "20px"}
              ]
            }
          ]
        }
      ]
    }
  ]
}
