{
  "general": {
    "general_font": "OpenSans, Helvetica, sans-serif",
    "body_background": "#ffffff",
    "body_background_on_small_content": "#EDF0F2",
    "body_color": "#878A8C",
    "body_font_size": "18px",
    "body_font_weight": "normal",
    "body_link_color": "#2B81D6",
    "body_link_hover_color": "#2B81D6",
    "logo_color": "#000000",
    "logo_hover_color": "#000000",
    "logo_font_size": "30px",
    "title_color": "#212121",
    "h2_title_font_size": "48px",
    "h3_title_font_size": "24px",
    "h4_title_font_size": "20px",
    "title_font_weight": "600",
    "scroller_arrow_color": "#212121",

    "header_background_color": "#ffffff",
    "header_border_color": "#EBF0F5",
    "header_color": "#999B9E",
    "header_link_color": "#212121",
    "header_link_hover_color": "#2B81D6",
    "header_font_size": "16px",
    "header_font_weight": "bold",
    "contacts_color": "#878A8C",
    "contacts_font_size": "14px",
    "contacts_font_weight": "normal",
    "contacts_icon_color": "#2B81D6",
    "menu_color": "#212121",
    "menu_font_size": "18px",
    "menu_font_weight": "bold",
    "menu_hover_color": "#2B81D6",
    "menu_active_color": "#CED5DB",
    "dropdown_background_color": "#ffffff",
    "dropdown_hover_background_color": "#EDF0F2",
    "dropdown_shadow": "rgba(0, 0, 0, 0.1)",
    "search_icon_color": "#212121",
    "search_icon_hover_color": "#2B81D6",
    "search_button_background": "#2B81D6",
    "search_button_hover_background": "#2B81D6",
    "search_button_color": "#ffffff",
    "search_button_hover_color": "#ffffff",
    "search_field_background": "#ffffff",
    "search_field_border_color": "#2B81D6",
    "search_field_shadow": "#90C0F0",
    "search_field_color": "#333333",
    "search_field_placeholder_color": "#878A8C",
    "language_color": "#212121",
    "language_font_size": "15px",
    "language_font_weight": "bold",
    "language_hover_color": "#2B81D6",
    "header_cart_background": "#CED5DB",
    "header_cart_color": "#ffffff",
    "header_full_cart_background": "#6ABD2F",

    "footer_background_color": "#ffffff",
    "footer_border_color": "#EBF0F5",
    "footer_color": "#878A8C",
    "footer_font_size": "14px",
    "footer_font_weight": "normal",
    "footer_title_color": "#878A8C",
    "footer_title_font_size": "16px",
    "footer_title_font_weight": "bold",
    "footer_title_hover_color": "#878A8C",
    "footer_menu_color": "#212121",
    "footer_menu_font_size": "14px",
    "footer_menu_font_weight": "bold",
    "footer_menu_hover_color": "#2B81D6",
    "social_icon_color": "#212121",
    "social_icon_hover_color": "#2B81D6",
    "copyright_background_color": "#ffffff",
    "copyright_border_color": "#EBF0F5",
    "copyright_color": "#878A8C",
    "copyright_font_size": "14px",
    "copyright_font_weight": "normal",
    "shoperb_color": "#212121",

    "banner_title_color": "#212121",
    "banner_title_font_size": "48px",
    "banner_title_font_weight": "600",
    "banner_color": "#878A8C",
    "banner_font_size": "18px",
    "banner_font_weight": "normal",
    "banner_navigation_color": "#212121",
    "banner_navigation_active_color": "#2B81D6",
    "landing_subtitle_color": "#878A8C",
    "landing_subtitle_font_size": "18px",
    "landing_subtitle_font_weight": "normal",
    "landing_border_color": "#EBF0F5",

    "newsletter_color": "#212121",
    "newsletter_font_size": "24px",
    "newsletter_font_weight": "600",
    "newsletter_input_color": "#212121",
    "newsletter_input_font_size": "16px",
    "newsletter_input_font_weight": "normal",
    "newsletter_input_placeholder_color": "#878A8C",
    "newsletter_input_border": "#CED5DB",
    "newsletter_message_color": "#878A8C",
    "newsletter_message_font_size": "14px",
    "newsletter_message_font_weight": "normal",

    "box_title_color": "#212121",
    "box_title_font_size": "20px",
    "box_title_font_weight": "bold",
    "box_subtitle_color": "#878A8C",
    "box_subtitle_font_size": "14px",
    "box_subtitle_font_weight": "bold",
    "box_price_color": "#212121",
    "box_price_font_size": "30px",
    "box_price_font_weight": "600",
    "box_price_discount_color": "#878A8C",
    "box_price_discount_font_size": "18px",
    "box_price_discount_font_weight": "600",

    "hover_box_background": "#ffffff",
    "hover_box_shadow": "rgba(159, 163, 167, 0.5)",
    "hover_box_opacity_background": "rgba(255, 255, 255, 0.85)",
    "hover_box_title_color": "#212121",
    "hover_box_title_font_size": "20px",
    "hover_box_title_font_weight": "bold",
    "hover_box_subtitle_color": "#878A8C",
    "hover_box_subtitle_font_size": "14px",
    "hover_box_subtitle_font_weight": "bold",
    "hover_box_price_color": "#212121",
    "hover_box_price_font_size": "24px",
    "hover_box_price_font_weight": "600",
    "hover_box_price_discount_color": "#878A8C",
    "hover_box_price_discount_font_size": "14px",
    "hover_box_price_discount_font_weight": "600",
    "hover_box_view_details_color": "#212121",
    "hover_box_view_details_font_size": "14px",
    "hover_box_view_details_font_weight": "bold",
    "hover_box_view_details_border_color": "#878A8C",
    "hover_box_view_details_hover_color": "#212121",
    "hover_box_view_details_hover_border_color": "#878A8C",

    "variants_color": "#878A8C",
    "variants_font_size": "14px",
    "variants_font_weight": "bold",
    "variants_option_color": "#212121",
    "variants_option_font_size": "18px",
    "variants_option_font_weight": "bold",
    "variants_field_option_color": "#212121",
    "variants_field_option_font_size": "16px",
    "variants_field_option_font_weight": "normal",
    "variants_field_option_border_color": "#CED5DB",
    "variants_option_active_color": "#2B81D6",
    "variants_option_shadow": "rgba(33, 33, 33, 0.2)",

    "hover_box_variants_color": "#878A8C",
    "hover_box_variants_font_size": "14px",
    "hover_box_variants_font_weight": "600",
    "hover_box_variants_option_color": "#212121",
    "hover_box_variants_option_font_size": "14px",
    "hover_box_variants_option_font_weight": "bold",
    "hover_box_variants_option_active_color": "#2B81D6",

    "product_price_color": "#212121",
    "product_price_font_size": "48px",
    "product_price_font_weight": "600",
    "product_price_discount_color": "#B3B3B3",
    "product_price_discount_font_size": "24px",
    "product_price_discount_font_weight": "normal",
    "product_sale_color": "#ffffff",
    "product_sale_font_size": "14px",
    "product_sale_font_weight": "bold",
    "product_sale_background": "#F0C711",
    "product_sold_color": "#ffffff",
    "product_sold_font_size": "24px",
    "product_sold_font_weight": "bold",
    "product_sold_background": "#CED5DB",

    "related_product_sale_color": "#ffffff",
    "related_product_sale_font_size": "14px",
    "related_product_sale_font_weight": "bold",
    "related_product_sale_background": "#F0C711",
    "related_product_sold_color": "#ffffff",
    "related_product_sold_font_size": "14px",
    "related_product_sold_font_weight": "bold",
    "related_product_sold_background": "#CED5DB",
    "related_product_hover_box_background": "#ffffff",
    "related_product_hover_box_shadow": "rgba(159, 163, 167, 0.5)",
    "related_product_hover_box_title_color": "#212121",
    "related_product_hover_box_title_font_size": "16px",
    "related_product_hover_box_title_font_weight": "bold",
    "related_product_hover_box_category_title_color": "#878A8C",
    "related_product_hover_box_category_title_font_size": "14px",
    "related_product_hover_box_category_title_font_weight": "bold",
    "related_product_hover_box_price_color": "#212121",
    "related_product_hover_box_price_font_size": "18px",
    "related_product_hover_box_price_font_weight": "600",
    "related_product_hover_box_price_discount_color": "#878A8C",
    "related_product_hover_box_price_discount_font_size": "14px",
    "related_product_hover_box_price_discount_font_weight": "600",

    "cart_header_color": "#9BA2A8",
    "cart_header_font_size": "14px",
    "cart_header_font_weight": "600",
    "cart_separator_color": "#EBF0F5",
    "cart_product_color": "#000000",
    "cart_product_font_size": "18px",
    "cart_product_font_weight": "600",
    "cart_variant_color": "#666666",
    "cart_variant_font_size": "14px",
    "cart_variant_font_weight": "bold",
    "cart_remove_color": "#D62B2B",
    "cart_remove_font_size": "14px",
    "cart_remove_font_weight": "normal",
    "cart_remove_hover_color": "#D62B2B",
    "cart_quantity_border_color": "#ebebeb",
    "cart_quantity_focus_border_color": "#2B81D6",
    "cart_quantity_focus_shadow": "#90C0F0",
    "cart_quantity_background": "#ffffff",
    "cart_quantity_color": "#000000",
    "cart_quantity_font_size": "18px",
    "cart_quantity_font_weight": "600",
    "cart_quantity_icon_color": "#CED5DB",
    "cart_total_color": "#212121",
    "cart_total_font_size": "18px",
    "cart_total_font_weight": "bold",
    "cart_footer_color": "#878A8C",
    "cart_footer_font_size": "14px",
    "cart_footer_font_weight": "normal",
    "cart_footer_total_color": "#212121",
    "cart_footer_total_font_size": "18px",
    "cart_footer_total_font_weight": "bold",

    "collection_title_color": "#212121",
    "collection_title_font_size": "24px",
    "collection_title_font_weight": "bold",
    "collection_description_color": "#878A8C",
    "collection_description_font_size": "14px",
    "collection_description_font_weight": "normal",

    "sidebar_parent_color": "#878A8C",
    "sidebar_parent_font_size": "20px",
    "sidebar_parent_font_weight": "bold",
    "sidebar_parent_hover_color": "#2B81D6",
    "sidebar_sub_color": "#212121",
    "sidebar_sub_font_size": "14px",
    "sidebar_sub_font_weight": "600",
    "sidebar_sub_hover_color": "#2B81D6",
    "sidebar_sub_hover_background": "#EBF0F5",

    "pagination_color": "#212121",
    "pagination_font_size": "18px",
    "pagination_font_weight": "600",
    "pagination_hover_color": "#2B81D6",
    "pagination_active_color": "#CED5DB",

    "product_filter_color": "#212121",
    "product_filter_font_size": "16px",
    "product_filter_font_weight": "600",
    "product_filter_select_border_color": "#CED5DB",
    "product_filter_select_background": "#ffffff",

    "product_title_color": "#212121",
    "product_title_font_size": "36px",
    "product_title_font_weight": "600",
    "product_category_title_color": "#878A8C",
    "product_category_title_font_size": "18px",
    "product_category_title_font_weight": "bold",
    "active_image_border_color": "rgba(0, 0, 0, 0.1)",
    "product_image_arrow_color": "#212121",
    "product_image_arrow_hover_color": "#2B81D6",

    "primary_button_background": "#6ABD2F",
    "primary_button_color": "#ffffff",
    "primary_button_font_size": "16px",
    "primary_button_font_weight": "bold",
    "primary_button_hover_background": "#7FCC47",
    "primary_button_hover_color": "#ffffff",
    "secondary_button_background": "#2B81D6",
    "secondary_button_color": "#ffffff",
    "secondary_button_font_size": "16px",
    "secondary_button_font_weight": "bold",
    "secondary_button_hover_background": "#489CF0",
    "secondary_button_hover_color": "#ffffff",

    "form_label_color": "#212121",
    "form_label_font_size": "16px",
    "form_label_font_weight": "bold",
    "form_field_border_color": "#CED5DB",
    "form_field_color": "#212121",
    "form_field_font_size": "16px",
    "form_field_font_weight": "bold",
    "form_field_placeholder_color": "#878A8C",
    "form_field_focus_border_color": "#2B81D6",
    "form_field_focus_shadow": "#90C0F0",
    "form_tick_active_color": "#2B81D6",
    "form_field_background": "#ffffff",
    "form_error_color": "#D62B2B",

    "login_form_title_color": "#212121",
    "login_form_title_font_size": "24px",
    "login_form_title_font_weight": "bold",
    "login_form_color": "#878A8C",
    "login_form_font_size": "14px",
    "login_form_font_weight": "normal",
    "login_footer_color": "#878A8C",
    "login_footer_font_size": "14px",
    "login_footer_font_weight": "normal",
    "login_footer_link_color": "#2B81D6",
    "login_footer_link_font_size": "14px",
    "login_footer_link_font_weight": "bold",
    "login_footer_link_hover_color": "#2B81D6",
    "login_form_subtitle_color": "#212121",
    "login_form_subtitle_font_size": "20px",
    "login_form_subtitle_font_weight": "600",
    "login_form_separator_color": "#EBF0F5",
    "login_form_new_address_color": "#2B81D6",
    "login_form_new_address_font_size": "12px",
    "login_form_new_address_font_weight": "bold",
    "login_form_delete_address_color": "#D62B2B",
    "login_form_delete_address_font_size": "16px",
    "login_form_delete_address_font_weight": "bold",
    "login_form_address_title_color": "#212121",
    "login_form_address_title_font_size": "36px",
    "login_form_address_title_font_weight": "600",
    "login_form_address_name_color": "#212121",
    "login_form_address_name_font_size": "24px",
    "login_form_address_name_font_weight": "600",
    "login_form_account_label_color": "#878A8C",
    "login_form_account_label_font_size": "14px",
    "login_form_account_label_font_weight": "bold",
    "login_form_account_value_color": "#212121",
    "login_form_account_value_font_size": "18px",
    "login_form_account_value_font_weight": "normal",
    "login_form_account_view_details_color": "#2B81D6",
    "login_form_account_view_details_font_size": "16px",
    "login_form_account_view_details_font_weight": "bold",
    "login_form_account_view_details_hover_color": "#2B81D6",

    "order_status_color": "#ffffff",
    "order_status_font_size": "14px",
    "order_status_font_weight": "bold",
    "order_status_completed_background": "#6ABD2F",
    "order_id_color": "#212121",
    "order_id_font_size": "24px",
    "order_id_font_weight": "600",
    "order_value_color": "#212121",
    "order_value_font_size": "14px",
    "order_value_font_weight": "normal",
    "order_item_name_color": "#212121",
    "order_item_name_font_size": "18px",
    "order_item_name_font_weight": "600",
    "order_variant_color": "#212121",
    "order_variant_font_size": "14px",
    "order_variant_font_weight": "normal",
    "order_subtotal_color": "#212121",
    "order_subtotal_font_size": "14px",
    "order_subtotal_font_weight": "normal",
    "order_total_color": "#212121",
    "order_total_font_size": "18px",
    "order_total_font_weight": "bold",

    "blog_home_date_color": "#212121",
    "blog_home_date_font_size": "12px",
    "blog_home_date_font_weight": "bold",
    "blog_home_title_color": "#212121",
    "blog_home_title_font_size": "20px",
    "blog_home_title_font_weight": "bold",
    "blog_home_description_color": "#878A8C",
    "blog_home_description_font_size": "14px",
    "blog_home_description_font_weight": "normal",
    "blog_home_background": "#ffffff",
    "blog_home_shadow": "rgba(159, 163, 167, 0.5)",
    "blog_title_color": "#212121",
    "blog_title_font_size": "48px",
    "blog_title_font_weight": "600",
    "blog_date_color": "#878A8C",
    "blog_date_font_size": "18px",
    "blog_date_font_weight": "normal",
    "blog_post_separator_color": "#EBF0F5",
    "blog_read_more_color": "#2B81D6",
    "blog_read_more_font_size": "18px",
    "blog_read_more_font_weight": "bold",
    "blog_read_more_hover_color": "#2B81D6",
    "blog_next_prev_color": "#2B81D6",
    "blog_next_prev_font_size": "16px",
    "blog_next_prev_font_weight": "bold",
    "blog_next_prev_hover_color": "#2B81D6",
    "blog_next_prev_title_color": "#878A8C",
    "blog_next_prev_title_font_size": "18px",
    "blog_next_prev_title_font_weight": "normal",

    "share_this_separator_color": "#EBF0F5",
    "share_this_title_color": "#212121",
    "share_this_title_font_size": "18px",
    "share_this_title_font_weight": "normal",
    "share_this_icon_color": "#212121",
    "share_this_icon_hover_color": "#3494DD",

    "flash_background": "#fafafa",
    "flash_border_color": "#E5E5E5",
    "flash_color": "#333333",
    "flash_font_size": "16px",
    "flash_font_weight": "bold",

    "primary_color": "#333333",
    "secondary_color": "#666666"
  },
  "sections": {
    "header": {
      "type": "header",
      "settings": {
        "logo_alignment": "left",
        "logo": "http://via.placeholder.com/150x100/FC2EFF",
        "logo_max_width": "100",
        "menu": "header-right"
      }
    },
    "footer": {
      "type": "footer",
      "settings": {
        "menu": "footer",
        "contact_page": "who-are-are",
        "show_powered_by": true
      }
    },

    "hero-1": {
      "type": "image_with_text_overlay",
      "settings": {
        "image_alignment": "top-left",
        "title": "Hero section title",
        "text": "<p>... and here is where your customers will see your hero message</p>",
        "text_size": "medium",
        "section_height": "medium"
      }
    },
    "hero-2": {
      "type": "image_with_text_overlay",
      "settings": {
        "image": "https://bkpmedia.s3.amazonaws.com/photos/hi-res/1795.jpg",
        "image_alignment": "center",
        "title": "My AD",
        "text": "<p>Look at what cool products I have.</p>",
        "text_size": "large",
        "section_height": "large",
        "button_label": "Click here!",
        "button_link": "http://www.google.com/"
      }
    },
    "collection": {
      "type": "collection",
      "settings": {
        "title": "Featured products",
        "per_row": 3,
        "rows": 2,
        "collection": "spring-summer-collection-2017",
        "show_vendor": true,
        "show_button": true
      }
    },
    "blog-posts": {
      "type": "blog_posts",
      "settings": {
        "title": "Blog posts",
        "grid": 6,
        "show_author": false,
        "show_date": false,
        "show_button": true
      }
    },
    "image-gallery": {
      "type": "image_gallery",
      "settings": {
        "section_height": "large"
      },
      "blocks": {
        "image-1": {
          "type": "image",
          "settings": {
            "image": "http://cdn6.bigcommerce.com/s-hp2bpo0/product_images/uploaded_images/herodock-product-hi-res.jpg?t=1471451966",
            "image_alignment": "bottom-middle"
          }
        },
        "image-2": {
          "type": "image",
          "settings": {
            "image": "http://media.doterra.com/us/en/images/product/doterra-on-guard-foaming-hand-wash.jpg",
            "image_alignment": "top-right",
            "link": "http://www.google.com",
            "caption": "asdasd"
          }
        },
        "image-3": {
          "type": "image",
          "settings": {
            "image": "https://i.ytimg.com/vi/fNarH786HOk/maxresdefault.jpg",
            "image_alignment": "middle",
            "caption": "No caption! Haha, just kidding"
          }
        }
      },
      "block_order": ["image-1", "image-2", "image-3"]
    },
    "image-with-text": {
      "type": "image_with_text",
      "settings": {
        "horizontal_alignment": "image-on-left",
        "title": "Image & text",
        "text": "Use this combo to really catch attention for a product for example. High quality image with some cleaver wording on it's side can be the key.",
        "button_text": "Click here",
        "button_link": "http://www.google.com"
      }
    },
    "slideshow": {
      "type": "slideshow",
      "settings": {
        "auto_rotate": false,
        "animation_speed": "4",
        "section_width": "full-width",
        "section_height": "large",
        "text_size": "medium"
      },
      "blocks": {
        "slide-1": {
          "type": "slide",
          "settings": {
            "slide_type": "image",
            "image": "http://article.images.consumerreports.org/prod/content/dam/CRO%20Images%202017/Electronics/February/CR-Electonics-Hero-What-you-need-to-know-about-Hi-Res-Audio-v2-02-17",
            "image_alignment": "bottom-right",
            "heading": "Image slide",
            "subheading": "Tell your brand's story through video and images",
            "slide_link": "http://www.google.com"
          }
        },
        "slide-2": {
          "type": "slide",
          "settings": {
            "slide_type": "video",
            "slide_video": "https://www.youtube.com/embed/2MpUj-Aua48?rel=0&amp;controls=0&amp;showinfo=0",
            "heading": "Image slide 22",
            "subheading": "Tell your brand's story through video and images 22"
          }
        },
        "slide-3": {
          "type": "slide",
          "settings": {
            "slide_type": "image",
            "image": "http://techaeris.com/wp-content/uploads/2017/03/Sonos-PLAYBASE-stand-1.jpg",
            "image_alignment": "center",
            "heading": "Image slide 333",
            "subheading": "Tell your brand's story through video and images 333"
          }
        }
      },
      "block_order": ["slide-1", "slide-2", "slide-3"]
    },
    "slideshow2": {
      "type": "slideshow",
      "settings": {
        "auto_rotate": false,
        "animation_speed": "4",
        "section_width": "limited",
        "section_height": "medium",
        "text_size": "medium"
      },
      "blocks": {
        "slide-1": {
          "type": "slide",
          "settings": {
            "slide_type": "image",
            "image": "http://article.images.consumerreports.org/prod/content/dam/CRO%20Images%202017/Electronics/February/CR-Electonics-Hero-What-you-need-to-know-about-Hi-Res-Audio-v2-02-17",
            "image_alignment": "bottom-right",
            "heading": "Image slide",
            "subheading": "Tell your brand's story through video and images",
            "slide_link": "http://www.google.com"
          }
        },
        "slide-2": {
          "type": "slide",
          "settings": {
            "slide_type": "video",
            "slide_video": "https://www.youtube.com/embed/2MpUj-Aua48?rel=0&amp;controls=0&amp;showinfo=0",
            "heading": "Image slide 22",
            "subheading": "Tell your brand's story through video and images 22"
          }
        },
        "slide-3": {
          "type": "slide",
          "settings": {
            "slide_type": "image",
            "image": "http://techaeris.com/wp-content/uploads/2017/03/Sonos-PLAYBASE-stand-1.jpg",
            "image_alignment": "center",
            "heading": "Image slide 333",
            "subheading": "Tell your brand's story through video and images 333"
          }
        }
      },
      "block_order": ["slide-1", "slide-2", "slide-3"]
    },
    "collection-list": {
      "type": "collection_list",
      "settings": {
        "title": "Collection list",
        "grid": 4
      },
      "blocks": {
        "collection-1": {
          "type": "collection",
          "settings": {
            "collection": "spring-summer-collection-2017"
          }
        },
        "collection-2": {
          "type": "collection",
          "settings": {
            "collection": "uus-kollektsioon"
          }
        },
        "collection-3": {
          "type": "collection",
          "settings": {
            "collection": "spring-summer-collection-2017"
          }
        }
      },
      "block_order": ["collection-1", "collection-2", "collection-3"]
    },
    "product": {
      "type": "product",
      "settings": {
        "product": "legging-multi",
        "image_size": "medium",
        "show_quantity_selector": true,
        "show_variant_label": true,
        "show_vendor": false,
        "enable_image_zoom": false,
        "show_social_sharing": false
      }
    },
    "testimonials" : {
      "type": "testimonials",
      "settings": {
        "title": "Testimonials"
      },
      "blocks": {
        "testimonial-1": {
          "type": "quote",
          "settings": {
            "quote": "Add customer reviews and testimonials to showcase your store’s happy customers.",
            "author": "Test Author"
          }
        },
        "testimonial-2": {
          "type": "quote",
          "settings": {
            "quote": "Add customer reviews and testimonials to showcase your store’s happy customers. Add customer reviews and testimonials to showcase your store’s happy customers.",
            "author": "Thor"
          }
        },
        "testimonial-3": {
          "type": "quote",
          "settings": {
            "quote": "spring-summer-collection-2017"
          }
        },
        "testimonial-4": {
          "type": "quote",
          "settings": {
            "quote": "asdasdasdadad",
            "author": "jrkr2333"
          }
        },
        "testimonial-5": {
          "type": "quote",
          "settings": {
            "quote": "asdasdasdadad",
            "author": "jrkr2333"
          }
        }
      },
      "block_order": ["testimonial-1", "testimonial-2", "testimonial-3", "testimonial-4", "testimonial-5"]
    },
    "columns": {
      "type": "text_columns_with_images",
      "settings": {
        "title": "Text columns with images",
        "text_alignment": "center"
      },
      "blocks": {
        "column-1": {
          "type": "column",
          "settings": {
            "image": "https://i.ytimg.com/vi/eplgoyDYPWE/hqdefault.jpg",
            "title": "Title",
            "text": "Add customer reviews and testimonials to showcase your store’s happy customers."
          }
        },
        "column-2": {
          "type": "column",
          "settings": {
            "image": "http://moi3d.com/gallery/images/-5.jpeg",
            "title": "Title asd",
            "text": "Add customer reviews and testimonials to showcase your store’s happy customers."
          }
        },
        "column-3": {
          "type": "column",
          "settings": {
            "image": "http://s.storage.akamai.coub.com/get/b120/p/coub/simple/cw_timeline_pic/4b71d416baa/aa64f922c8038e6364ee5/big_1473772661_image.jpg",
            "title": "Tit4le",
            "text": "Add customer reviews and testimonials to showcase your store’s happy customers."
          }
        },
        "column-4": {
          "type": "column",
          "settings": {
            "image": "https://i.ytimg.com/vi/aToEBLYVsSo/maxresdefault.jpg",
            "title": "Title asd",
            "text": "Add customer reviews and testimonials to showcase your store’s happy customers."
          }
        },
        "column-5": {
          "type": "column",
          "settings": {
            "image": "http://pre07.deviantart.net/f3b8/th/pre/f/2015/139/8/9/architectural_3d_scene____vray_test_by_nazmoza-d8u1ke8.jpg",
            "title": "Tit4le",
            "text": "Add customer reviews and testimonials to showcase your store’s happy customers."
          }
        },
        "column-6": {
          "type": "column",
          "settings": {
            "image": "https://cdnb.artstation.com/p/assets/images/images/004/917/075/micro_square/andrew-connelly-test-scene-3.jpg?1487184086",
            "title": "Tit4le",
            "text": "Add customer reviews and testimonials to showcase your store’s happy customers."
          }
        },
        "column-7": {
          "type": "column",
          "settings": {
            "image": "http://orig07.deviantart.net/f47a/f/2011/129/3/2/unannounced_2d_rts_test_scene_by_jayrun-d3fypx0.jpg",
            "title": "Tit4le",
            "text": "Add customer reviews and testimonials to showcase your store’s happy customers."
          }
        }
      },
      "block_order": ["column-1", "column-2", "column-3", "column-4", "column-5", "column-6", "column-7"]
    },
    "logo-list": {
      "type": "logo_list",
      "settings": {
        "title": "Logo list"
      },
      "blocks": {
        "logo-1": {
          "type": "logo",
          "settings": {
            "image": "https://seeklogo.com/images/D/demo-sport-logo-D8C6EB99C4-seeklogo.com.gif",
            "link": "http://www.google.com"
          }
        },
        "logo-2": {
          "type": "logo",
          "settings": {
            "image": "https://s-media-cache-ak0.pinimg.com/originals/e6/d0/1b/e6d01b2c2e97bb40f4cb52764f4c0bc4.jpg",
            "link": "http://www.google.com"
          }
        },
        "logo-3": {
          "type": "logo",
          "settings": {
            "image": "https://democentermn.files.wordpress.com/2015/03/cropped-demo-logos-r1-all-15-20141.jpg"
          }
        },
        "logo-4": {
          "type": "logo",
          "settings": {
            "image": "http://www.demo-africa.com/var/demo/storage/images/duma-works-logo-rectangle/15283-1-eng-GB/duma-works-logo-rectangle_logos.png"
          }
        },
        "logo-5": {
          "type": "logo",
          "settings": {
            "image": "https://www.grouptravelvideos.com/images/client/00954/resources/you%20logo%20here.png"
          }
        },
        "logo-6": {
          "type": "logo",
          "settings": {
            "image": "https://venture360.co/assets/public/logos/demo-logo-f8acf35add5886bc8d112a975ebb2fef.png"
          }
        },
        "logo-7": {
          "type": "logo",
          "settings": {
            "image": "http://estudiogonzalez.cl/wp-content/uploads/2011/01/46e83f7d5e07b_logo_demo.jpeg",
            "link": "http://www.google.com"
          }
        }
      },
      "block_order": ["logo-1", "logo-2", "logo-3", "logo-4", "logo-5", "logo-6", "logo-7"]
    },
    "newsletter": {
      "type": "newsletter",
      "settings": {
        "title": "Newsletter",
        "text": "A short sentence describing what someone will receive by subscribing"
      }
    },
    "location-and-contact": {
      "type": "location_and_contact",
      "settings": {
        "title": "Location",
        "text": "Opening hours: from AM to PM",
        "address": "Meistri 12, Tallinn",
        "gmaps_api_key": "AIzaSyDUSYmrOAgFOj7ILvyixDGx2WDUjCo1P0Y"
      }
    },
    "custom": {
      "type": "custom",
      "settings": {
        "title": "Custom content"
      },
      "blocks": {
        "custom-1": {
          "type": "custom_text",
          "settings": {
            "section_width": "33",
            "title": "Location",
            "text": "Opening hours: from AM to PM",
            "vertical_alignment": "bottom",
            "horizontal_alignment": "center"
          }
        },
        "custom-2": {
          "type": "custom_image",
          "settings": {
            "section_width": "66",
            "image": "https://cdn-images-1.medium.com/max/1600/1*qZr2510BMwCRRuJhcICPYg.gif",
            "vertical_alignment": "middle"
          }
        },
        "custom-3": {
          "type": "custom_video",
          "settings": {
            "section_width": "50",
            "vertical_alignment": "middle",
            "video": "https://www.youtube.com/embed/fVUoi0NoYZU"
          }
        },
        "custom-32": {
          "type": "custom_video",
          "settings": {
            "section_width": "50",
            "vertical_alignment": "middle",
            "video": "https://vimeo.com/187165137"
          }
        },
        "custom-4": {
          "type": "custom_product",
          "settings": {
            "section_width": "100",
            "product": "legging-multi",
            "vertical_alignment": "top"
          }
        },
        "custom-5": {
          "type": "custom_collection",
          "settings": {
            "section_width": "25",
            "collection": "spring-summer-collection-2017",
            "vertical_alignment": "middle"
          }
        },
        "custom-6": {
          "type": "custom_html",
          "settings": {
            "section_width": "75",
            "vertical_alignment": "top",
            "html": "<div style='margin: 20px 15px 9px 52px'>This is CuSToM html</div>"
          }
        }
      },
      "block_order": ["custom-1", "custom-2", "custom-3", "custom-32", "custom-4", "custom-5", "custom-6"]
    }
  },
  "content_for_index": ["hero-1", "hero-2", "collection", "blog-posts", "image-gallery", "image-with-text", "slideshow", "slideshow2", "collection-list", "product", "testimonials", "columns", "logo-list", "newsletter", "location-and-contact", "custom"]
}
